source,title,link,published,summary,scraped_at
SemiEngineering,Chip Industry Week In Review,https://semiengineering.com/chip-industry-week-in-review-148/,"Fri, 24 Jul 2026 07:01:00 +0000","<p>Amkor's $1.5B deal; Intel Foundry revenue up 31%; Siemens' dual buys; SiC plant dies; AMD's big week; TSMC price hike; Nokia's fab buy; earnings; $300M for accelerating inference; Keysight's multiphysics; copper interconnect alternative.</p>
<p>The post <a href=""https://semiengineering.com/chip-industry-week-in-review-148/"">Chip Industry Week In Review</a> appeared first on <a href=""https://semiengineering.com"">Semiconductor Engineering</a>.</p>",2026-07-24T19:37:44.038584
SemiEngineering,Untangling Chip Traffic Jams,https://semiengineering.com/untangling-chip-traffic-jams/,"Thu, 23 Jul 2026 07:11:26 +0000","<p>Scaling NoCs across chiplets requires earlier validation of coherency, congestion, thermal effects, and fault behavior.</p>
<p>The post <a href=""https://semiengineering.com/untangling-chip-traffic-jams/"">Untangling Chip Traffic Jams</a> appeared first on <a href=""https://semiengineering.com"">Semiconductor Engineering</a>.</p>",2026-07-24T19:37:44.038594
SemiEngineering,Designing Electro-Optical Chips,https://semiengineering.com/designing-electro-optical-chips/,"Thu, 23 Jul 2026 07:11:26 +0000","<p>Photonics is forcing EDA to verify not just chips, but the physics of light inside full electro-optical systems.</p>
<p>The post <a href=""https://semiengineering.com/designing-electro-optical-chips/"">Designing Electro-Optical Chips</a> appeared first on <a href=""https://semiengineering.com"">Semiconductor Engineering</a>.</p>",2026-07-24T19:37:44.038597
SemiEngineering,Chip Policy: The UK Vs. The US Vs. EU Vs. India,https://semiengineering.com/chip-policy-the-uk-vs-the-us-vs-eu-vs-india/,"Thu, 23 Jul 2026 07:09:07 +0000","<p>Policy shifts affect every company in the semiconductor industry, regardless of their size.</p>
<p>The post <a href=""https://semiengineering.com/chip-policy-the-uk-vs-the-us-vs-eu-vs-india/"">Chip Policy: The UK Vs. The US Vs. EU Vs. India</a> appeared first on <a href=""https://semiengineering.com"">Semiconductor Engineering</a>.</p>",2026-07-24T19:37:44.038599
SemiEngineering,Realizing The Future Of 3D-IC: Final Scenario And Sign-off,https://semiengineering.com/realizing-the-future-of-3d-ic-final-scenario-and-sign-off/,"Thu, 23 Jul 2026 07:07:02 +0000","<p>Chiplet interface route planning, optimization, and predictive analysis are crucial for achieving PPAC goals.</p>
<p>The post <a href=""https://semiengineering.com/realizing-the-future-of-3d-ic-final-scenario-and-sign-off/"">Realizing The Future Of 3D-IC: Final Scenario And Sign-off</a> appeared first on <a href=""https://semiengineering.com"">Semiconductor Engineering</a>.</p>",2026-07-24T19:37:44.038602
SemiEngineering,Avoid The Hidden Bottleneck Of Integration At Scale,https://semiengineering.com/avoid-the-hidden-bottleneck-of-integration-at-scale/,"Thu, 23 Jul 2026 07:06:40 +0000","<p>Automating connectivity and establishing a single source of truth helps accelerate SoC assembly while improving design quality. </p>
<p>The post <a href=""https://semiengineering.com/avoid-the-hidden-bottleneck-of-integration-at-scale/"">Avoid The Hidden Bottleneck Of Integration At Scale</a> appeared first on <a href=""https://semiengineering.com"">Semiconductor Engineering</a>.</p>",2026-07-24T19:37:44.038604
SemiEngineering,From Future Vision To Running Hardware: Verification At DAC 2026,https://semiengineering.com/from-future-vision-to-running-hardware-verification-at-dac-2026/,"Thu, 23 Jul 2026 07:05:43 +0000","<p>Last year, DAC's Engineering Track debated where verification is headed. This year in Long Beach, the emulation and prototyping hardware that will carry it takes center stage.</p>
<p>The post <a href=""https://semiengineering.com/from-future-vision-to-running-hardware-verification-at-dac-2026/"">From Future Vision To Running Hardware: Verification At DAC 2026</a> appeared first on <a href=""https://semiengineering.com"">Semiconductor Engineering</a>.</p>",2026-07-24T19:37:44.038607
SemiEngineering,Why Chip Engineers Should Care About AI-Created Behavioral Models,https://semiengineering.com/why-chip-engineers-should-care-about-ai-created-behavioral-models/,"Thu, 23 Jul 2026 07:04:28 +0000","<p>Automating the most repetitive and time-consuming parts of behavioral model creation while keeping humans in the loop.</p>
<p>The post <a href=""https://semiengineering.com/why-chip-engineers-should-care-about-ai-created-behavioral-models/"">Why Chip Engineers Should Care About AI-Created Behavioral Models</a> appeared first on <a href=""https://semiengineering.com"">Semiconductor Engineering</a>.</p>",2026-07-24T19:37:44.038609
SemiEngineering,The Impact Of AI Automation On Chip Design,https://semiengineering.com/the-impact-of-ai-automation-on-chip-design/,"Thu, 23 Jul 2026 07:03:31 +0000","<p>Change is coming, but how quickly depends on the availability of data and when chipmakers are confident enough to let AI take over.</p>
<p>The post <a href=""https://semiengineering.com/the-impact-of-ai-automation-on-chip-design/"">The Impact Of AI Automation On Chip Design</a> appeared first on <a href=""https://semiengineering.com"">Semiconductor Engineering</a>.</p>",2026-07-24T19:37:44.038611
SemiEngineering,Enhancing System Observability,https://semiengineering.com/enhancing-system-observability/,"Thu, 23 Jul 2026 07:03:15 +0000","<p>Integrating real-time voltage telemetry and functional monitoring for deeper insights.</p>
<p>The post <a href=""https://semiengineering.com/enhancing-system-observability/"">Enhancing System Observability</a> appeared first on <a href=""https://semiengineering.com"">Semiconductor Engineering</a>.</p>",2026-07-24T19:37:44.038614
SemiconductorDigest,IBM to Acquire HRL Laboratories,https://www.semiconductor-digest.com/ibm-to-acquire-hrl-laboratories/?utm_source=rss&utm_medium=rss&utm_campaign=ibm-to-acquire-hrl-laboratories,"Thu, 23 Jul 2026 19:21:16 +0000","<p>IBM today announced it has signed a definitive agreement to acquire HRL Laboratories, LLC, a flagship research and development institution.</p>
<p>The post <a href=""https://www.semiconductor-digest.com/ibm-to-acquire-hrl-laboratories/"">IBM to Acquire HRL Laboratories</a> appeared first on <a href=""https://www.semiconductor-digest.com"">Semiconductor Digest</a>.</p>",2026-07-24T19:37:46.254079
SemiconductorDigest,Elio Raises $21M to Build Sensing for the AI Era,https://www.semiconductor-digest.com/elio-raises-21m-to-build-sensing-for-the-ai-era/?utm_source=rss&utm_medium=rss&utm_campaign=elio-raises-21m-to-build-sensing-for-the-ai-era,"Thu, 23 Jul 2026 19:17:23 +0000","<p>Elio, a company building sensors designed for artificial intelligence rather than the human eye, today announced a $21 million funding round.</p>
<p>The post <a href=""https://www.semiconductor-digest.com/elio-raises-21m-to-build-sensing-for-the-ai-era/"">Elio Raises $21M to Build Sensing for the AI Era</a> appeared first on <a href=""https://www.semiconductor-digest.com"">Semiconductor Digest</a>.</p>",2026-07-24T19:37:46.254088
SemiconductorDigest,Primis AI Becomes ChipNexus and Launches NEX for Agentic Chip-Design Automation,https://www.semiconductor-digest.com/primis-ai-becomes-chipnexus-and-launches-nex-for-agentic-chip-design-automation/?utm_source=rss&utm_medium=rss&utm_campaign=primis-ai-becomes-chipnexus-and-launches-nex-for-agentic-chip-design-automation,"Thu, 23 Jul 2026 19:12:04 +0000","<p>New identity reflects the company’s expansion from AI-assisted code generation to multi-step semiconductor engineering workflows; seed round supports enterprise growth.</p>
<p>The post <a href=""https://www.semiconductor-digest.com/primis-ai-becomes-chipnexus-and-launches-nex-for-agentic-chip-design-automation/"">Primis AI Becomes ChipNexus and Launches NEX for Agentic Chip-Design Automation</a> appeared first on <a href=""https://www.semiconductor-digest.com"">Semiconductor Digest</a>.</p>",2026-07-24T19:37:46.254091
SemiconductorDigest,The Next Evolution of AI Infrastructure: Inside the Architecture Powering the AI Factory Era,https://www.semiconductor-digest.com/the-next-evolution-of-ai-infrastructure-inside-the-architecture-powering-the-ai-factory-era/?utm_source=rss&utm_medium=rss&utm_campaign=the-next-evolution-of-ai-infrastructure-inside-the-architecture-powering-the-ai-factory-era,"Thu, 23 Jul 2026 19:08:59 +0000","<p>As AI infrastructure evolves, Lenovo is helping shape the next generation of AI factories through its collaboration on the AMD Helios™ rack-scale solution, designed for hyperscalers and NeoCloud providers building AI at scale.</p>
<p>The post <a href=""https://www.semiconductor-digest.com/the-next-evolution-of-ai-infrastructure-inside-the-architecture-powering-the-ai-factory-era/"">The Next Evolution of AI Infrastructure: Inside the Architecture Powering the AI Factory Era</a> appeared first on <a href=""https://www.semiconductor-digest.com"">Semiconductor Digest</a>.</p>",2026-07-24T19:37:46.254093
SemiconductorDigest,"FAMES Pilot Line & SiNANO Institute to Present FAMES’ Latest  Technical Results at ESSERC 2026 in Palma de Mallorca, Spain",https://www.semiconductor-digest.com/fames-pilot-line-sinano-institute-to-present-fames-latest-technical-results-at-esserc-2026-in-palma-de-mallorca-spain/?utm_source=rss&utm_medium=rss&utm_campaign=fames-pilot-line-sinano-institute-to-present-fames-latest-technical-results-at-esserc-2026-in-palma-de-mallorca-spain,"Thu, 23 Jul 2026 18:56:14 +0000","<p>Sept. 7, 2026 workshop will feature comprehensive technical update, spanning advanced FD-SOI nodes, embedded memories, RF filters, 3D integration and power management ICs.</p>
<p>The post <a href=""https://www.semiconductor-digest.com/fames-pilot-line-sinano-institute-to-present-fames-latest-technical-results-at-esserc-2026-in-palma-de-mallorca-spain/"">FAMES Pilot Line &#038; SiNANO Institute to Present FAMES&#8217; Latest  Technical Results at ESSERC 2026 in Palma de Mallorca, Spain</a> appeared first on <a href=""https://www.semiconductor-digest.com"">Semiconductor Digest</a>.</p>",2026-07-24T19:37:46.254095
SemiconductorDigest,Siemens to Acquire Defacto Technologies,https://www.semiconductor-digest.com/siemens-to-acquire-defacto-technologies/?utm_source=rss&utm_medium=rss&utm_campaign=siemens-to-acquire-defacto-technologies,"Thu, 23 Jul 2026 18:35:34 +0000","<p>Acquisition extends Siemens' electronic design automation (EDA) portfolio across the system‑on‑a‑chip (SoC) design lifecycle.</p>
<p>The post <a href=""https://www.semiconductor-digest.com/siemens-to-acquire-defacto-technologies/"">Siemens to Acquire Defacto Technologies</a> appeared first on <a href=""https://www.semiconductor-digest.com"">Semiconductor Digest</a>.</p>",2026-07-24T19:37:46.254096
SemiconductorDigest,AI and Quantum Chemistry Identify Efficient Blue OLED Materials,https://www.semiconductor-digest.com/ai-and-quantum-chemistry-identify-efficient-blue-oled-materials/?utm_source=rss&utm_medium=rss&utm_campaign=ai-and-quantum-chemistry-identify-efficient-blue-oled-materials,"Wed, 22 Jul 2026 17:52:41 +0000","<p>Researchers designed an end-to-end workflow from molecular design to blue OLED device fabrication and evaluation.</p>
<p>The post <a href=""https://www.semiconductor-digest.com/ai-and-quantum-chemistry-identify-efficient-blue-oled-materials/"">AI and Quantum Chemistry Identify Efficient Blue OLED Materials</a> appeared first on <a href=""https://www.semiconductor-digest.com"">Semiconductor Digest</a>.</p>",2026-07-24T19:37:46.254098
SemiconductorDigest,BrainChip Partners with Celus to Bring Its Neuromorphic Edge AI Processor to the CELUS Design Platform,https://www.semiconductor-digest.com/brainchip-partners-with-celus-to-bring-its-neuromorphic-edge-ai-processor-to-the-celus-design-platform/?utm_source=rss&utm_medium=rss&utm_campaign=brainchip-partners-with-celus-to-bring-its-neuromorphic-edge-ai-processor-to-the-celus-design-platform,"Wed, 22 Jul 2026 17:48:32 +0000","<p>Strategic collaboration will soon give engineers direct access to BrainChip’s AKD1500 architecture through CELUS’s AI-guided design tools for device design.</p>
<p>The post <a href=""https://www.semiconductor-digest.com/brainchip-partners-with-celus-to-bring-its-neuromorphic-edge-ai-processor-to-the-celus-design-platform/"">BrainChip Partners with Celus to Bring Its Neuromorphic Edge AI Processor to the CELUS Design Platform</a> appeared first on <a href=""https://www.semiconductor-digest.com"">Semiconductor Digest</a>.</p>",2026-07-24T19:37:46.254100
SemiconductorDigest,Ambiq and ChipAgents Collaborate to Advance Agentic AI for Semiconductor Engineering,https://www.semiconductor-digest.com/ambiq-and-chipagents-collaborate-to-advance-agentic-ai-for-semiconductor-engineering/?utm_source=rss&utm_medium=rss&utm_campaign=ambiq-and-chipagents-collaborate-to-advance-agentic-ai-for-semiconductor-engineering,"Wed, 22 Jul 2026 17:08:46 +0000","<p>Edge AI semiconductor leader expands use of ChipAgents' agentic AI platform to accelerate ultra-low power chip design and verification.</p>
<p>The post <a href=""https://www.semiconductor-digest.com/ambiq-and-chipagents-collaborate-to-advance-agentic-ai-for-semiconductor-engineering/"">Ambiq and ChipAgents Collaborate to Advance Agentic AI for Semiconductor Engineering</a> appeared first on <a href=""https://www.semiconductor-digest.com"">Semiconductor Digest</a>.</p>",2026-07-24T19:37:46.254102
SemiconductorDigest,CuspAI and A*STAR Announce Five-Year Partnership,https://www.semiconductor-digest.com/cuspai-and-astar-announce-five-year-partnership/?utm_source=rss&utm_medium=rss&utm_campaign=cuspai-and-astar-announce-five-year-partnership,"Wed, 22 Jul 2026 17:05:30 +0000","<p>The collaboration aims to accelerate the discovery and experimental validation of new materials across semiconductors, carbon capture, and advanced electronics. The first discovery project is now under way.</p>
<p>The post <a href=""https://www.semiconductor-digest.com/cuspai-and-astar-announce-five-year-partnership/"">CuspAI and A*STAR Announce Five-Year Partnership</a> appeared first on <a href=""https://www.semiconductor-digest.com"">Semiconductor Digest</a>.</p>",2026-07-24T19:37:46.254104
SemiconductorDigest,Air Products to Expand Integrated Gas Supply Network for Semiconductor Manufacturer in Taiwan,https://www.semiconductor-digest.com/air-products-to-expand-integrated-gas-supply-network-for-semiconductor-manufacturer-in-taiwan/?utm_source=rss&utm_medium=rss&utm_campaign=air-products-to-expand-integrated-gas-supply-network-for-semiconductor-manufacturer-in-taiwan,"Tue, 21 Jul 2026 13:52:30 +0000","<p>The project will supply multiple new semiconductor fabs and back-end packaging facilities, supporting growing demand driven by artificial intelligence and high-performance computing.</p>
<p>The post <a href=""https://www.semiconductor-digest.com/air-products-to-expand-integrated-gas-supply-network-for-semiconductor-manufacturer-in-taiwan/"">Air Products to Expand Integrated Gas Supply Network for Semiconductor Manufacturer in Taiwan</a> appeared first on <a href=""https://www.semiconductor-digest.com"">Semiconductor Digest</a>.</p>",2026-07-24T19:37:46.254106
SemiconductorDigest,Gradiant Supports Landmark Semiconductor Manufacturing Expansion in Dresden,https://www.semiconductor-digest.com/gradiant-supports-landmark-semiconductor-manufacturing-expansion-in-dresden/?utm_source=rss&utm_medium=rss&utm_campaign=gradiant-supports-landmark-semiconductor-manufacturing-expansion-in-dresden,"Tue, 21 Jul 2026 13:47:24 +0000","<p>Project completed three months ahead of schedule, supporting one of Europe’s most significant semiconductor manufacturing expansions.</p>
<p>The post <a href=""https://www.semiconductor-digest.com/gradiant-supports-landmark-semiconductor-manufacturing-expansion-in-dresden/"">Gradiant Supports Landmark Semiconductor Manufacturing Expansion in Dresden</a> appeared first on <a href=""https://www.semiconductor-digest.com"">Semiconductor Digest</a>.</p>",2026-07-24T19:37:46.254108
SemiconductorDigest,Innolume Selects Veeco Gen2000 MBE System to Expand Quantum Dot Laser Production,https://www.semiconductor-digest.com/innolume-selects-veeco-gen2000-mbe-system-to-expand-quantum-dot-laser-production/?utm_source=rss&utm_medium=rss&utm_campaign=innolume-selects-veeco-gen2000-mbe-system-to-expand-quantum-dot-laser-production,"Tue, 21 Jul 2026 13:40:07 +0000","<p>The investment supports the increasing demand for optical connectivity solutions for hyperscale AI infrastructure and cloud data centers.</p>
<p>The post <a href=""https://www.semiconductor-digest.com/innolume-selects-veeco-gen2000-mbe-system-to-expand-quantum-dot-laser-production/"">Innolume Selects Veeco Gen2000 MBE System to Expand Quantum Dot Laser Production</a> appeared first on <a href=""https://www.semiconductor-digest.com"">Semiconductor Digest</a>.</p>",2026-07-24T19:37:46.254109
SemiconductorDigest,xMEMS Launches the World’s Smallest Active Micro Fan to Break the Thermal Wall in Smart Glasses,https://www.semiconductor-digest.com/xmems-launches-the-worlds-smallest-active-micro-fan-to-break-the-thermal-wall-in-smart-glasses/?utm_source=rss&utm_medium=rss&utm_campaign=xmems-launches-the-worlds-smallest-active-micro-fan-to-break-the-thermal-wall-in-smart-glasses,"Tue, 21 Jul 2026 13:37:50 +0000","<p>XMC-1200, the industry’s solid-state µCooling chip enables targeted cooling for AR/XR light engines, processors, and other components in smart glasses.</p>
<p>The post <a href=""https://www.semiconductor-digest.com/xmems-launches-the-worlds-smallest-active-micro-fan-to-break-the-thermal-wall-in-smart-glasses/"">xMEMS Launches the World’s Smallest Active Micro Fan to Break the Thermal Wall in Smart Glasses</a> appeared first on <a href=""https://www.semiconductor-digest.com"">Semiconductor Digest</a>.</p>",2026-07-24T19:37:46.254111
SemiconductorDigest,Novel Layered Crystal for High-Efficiency Thermoelectric Energy Conversion,https://www.semiconductor-digest.com/novel-layered-crystal-for-high-efficiency-thermoelectric-energy-conversion/?utm_source=rss&utm_medium=rss&utm_campaign=novel-layered-crystal-for-high-efficiency-thermoelectric-energy-conversion,"Mon, 20 Jul 2026 18:02:46 +0000","<p>Embedding atomically thin materials within bulk crystals enables both a high thermoelectric power factor and exceptionally low thermal conductivity.</p>
<p>The post <a href=""https://www.semiconductor-digest.com/novel-layered-crystal-for-high-efficiency-thermoelectric-energy-conversion/"">Novel Layered Crystal for High-Efficiency Thermoelectric Energy Conversion</a> appeared first on <a href=""https://www.semiconductor-digest.com"">Semiconductor Digest</a>.</p>",2026-07-24T19:37:46.254113
SemiconductorDigest,SNU Researchers Develops AI Agent Technology to Automate Semiconductor Design Verification,https://www.semiconductor-digest.com/snu-researchers-develops-ai-agent-technology-to-automate-semiconductor-design-verification/?utm_source=rss&utm_medium=rss&utm_campaign=snu-researchers-develops-ai-agent-technology-to-automate-semiconductor-design-verification,"Mon, 20 Jul 2026 17:55:45 +0000","<p>Enabling commercialization of automated semiconductor EDA technologies and improving collaborative productivity.</p>
<p>The post <a href=""https://www.semiconductor-digest.com/snu-researchers-develops-ai-agent-technology-to-automate-semiconductor-design-verification/"">SNU Researchers Develops AI Agent Technology to Automate Semiconductor Design Verification</a> appeared first on <a href=""https://www.semiconductor-digest.com"">Semiconductor Digest</a>.</p>",2026-07-24T19:37:46.254115
SemiconductorDigest,IEEE Study Highlights How Micro-Transfer Printing Can Lead to Advanced Silicon Photonics,https://www.semiconductor-digest.com/ieee-study-highlights-how-micro-transfer-printing-can-lead-to-advanced-silicon-photonics/?utm_source=rss&utm_medium=rss&utm_campaign=ieee-study-highlights-how-micro-transfer-printing-can-lead-to-advanced-silicon-photonics,"Mon, 20 Jul 2026 17:36:08 +0000","<p>Micro-transfer printing can enable heterogenous integration of diverse material systems in silicon photonics.</p>
<p>The post <a href=""https://www.semiconductor-digest.com/ieee-study-highlights-how-micro-transfer-printing-can-lead-to-advanced-silicon-photonics/"">IEEE Study Highlights How Micro-Transfer Printing Can Lead to Advanced Silicon Photonics</a> appeared first on <a href=""https://www.semiconductor-digest.com"">Semiconductor Digest</a>.</p>",2026-07-24T19:37:46.254117
SemiconductorDigest,Siemens to Acquire Precision Innovations,https://www.semiconductor-digest.com/siemens-to-acquire-precision-innovations/?utm_source=rss&utm_medium=rss&utm_campaign=siemens-to-acquire-precision-innovations,"Mon, 20 Jul 2026 17:06:37 +0000","<p>Siemens today announced that it has signed an agreement to acquire Precision Innovations Inc., a privately held electronic design automation software company.</p>
<p>The post <a href=""https://www.semiconductor-digest.com/siemens-to-acquire-precision-innovations/"">Siemens to Acquire Precision Innovations</a> appeared first on <a href=""https://www.semiconductor-digest.com"">Semiconductor Digest</a>.</p>",2026-07-24T19:37:46.254119
SemiconductorDigest,SNU Researchers Develop AI-Driven Inverse Design to Extend Quantum-Dot LED Lifetime 40-Fold,https://www.semiconductor-digest.com/snu-researchers-develop-ai-driven-inverse-design-to-extend-quantum-dot-led-lifetime-40-fold/?utm_source=rss&utm_medium=rss&utm_campaign=snu-researchers-develop-ai-driven-inverse-design-to-extend-quantum-dot-led-lifetime-40-fold,"Fri, 17 Jul 2026 18:45:17 +0000","<p>Developing AI-based inverse process design technology / inverse design of optimal solvent properties for quantum-dot processing enhances next-generation display performance.</p>
<p>The post <a href=""https://www.semiconductor-digest.com/snu-researchers-develop-ai-driven-inverse-design-to-extend-quantum-dot-led-lifetime-40-fold/"">SNU Researchers Develop AI-Driven Inverse Design to Extend Quantum-Dot LED Lifetime 40-Fold</a> appeared first on <a href=""https://www.semiconductor-digest.com"">Semiconductor Digest</a>.</p>",2026-07-24T19:37:46.254121
SemiconductorDigest,PI Tackles High-Resolution Focusing Demands in Metrology and Microscopy,https://www.semiconductor-digest.com/pi-tackles-high-resolution-focusing-demands-in-metrology-and-microscopy/?utm_source=rss&utm_medium=rss&utm_campaign=pi-tackles-high-resolution-focusing-demands-in-metrology-and-microscopy,"Fri, 17 Jul 2026 15:43:41 +0000","<p>Objective Focusing Stages based on high-speed mechanisms and advanced controllers bring precision where tolerances leave no room for error.</p>
<p>The post <a href=""https://www.semiconductor-digest.com/pi-tackles-high-resolution-focusing-demands-in-metrology-and-microscopy/"">PI Tackles High-Resolution Focusing Demands in Metrology and Microscopy</a> appeared first on <a href=""https://www.semiconductor-digest.com"">Semiconductor Digest</a>.</p>",2026-07-24T19:37:46.254123
SemiconductorDigest,TYLsemi Raises $43 Million to Launch First Full-Stack Chiplet Platform for Custom AI Silicon,https://www.semiconductor-digest.com/tylsemi-raises-43-million-to-launch-first-full-stack-chiplet-platform-for-custom-ai-silicon/?utm_source=rss&utm_medium=rss&utm_campaign=tylsemi-raises-43-million-to-launch-first-full-stack-chiplet-platform-for-custom-ai-silicon,"Fri, 17 Jul 2026 15:41:21 +0000","<p>Today, TYLsemi emerged from stealth and announced the closing of an oversubscribed $43 million early-stage funding round to accelerate the development of AI infrastructure.</p>
<p>The post <a href=""https://www.semiconductor-digest.com/tylsemi-raises-43-million-to-launch-first-full-stack-chiplet-platform-for-custom-ai-silicon/"">TYLsemi Raises $43 Million to Launch First Full-Stack Chiplet Platform for Custom AI Silicon</a> appeared first on <a href=""https://www.semiconductor-digest.com"">Semiconductor Digest</a>.</p>",2026-07-24T19:37:46.254125
SemiconductorDigest,Chris Long Named President of Micross North America,https://www.semiconductor-digest.com/chris-long-named-president-of-micross-north-america/?utm_source=rss&utm_medium=rss&utm_campaign=chris-long-named-president-of-micross-north-america,"Fri, 17 Jul 2026 15:40:07 +0000","<p>Reporting to CEO Jim Cannon, Chris will oversee all North America operations.</p>
<p>The post <a href=""https://www.semiconductor-digest.com/chris-long-named-president-of-micross-north-america/"">Chris Long Named President of Micross North America</a> appeared first on <a href=""https://www.semiconductor-digest.com"">Semiconductor Digest</a>.</p>",2026-07-24T19:37:46.254126
SemiconductorDigest,Rapidus and Cadence Partner on Agentic AI for Advanced SoC Design,https://www.semiconductor-digest.com/rapidus-and-cadence-partner-on-agentic-ai-for-advanced-soc-design/?utm_source=rss&utm_medium=rss&utm_campaign=rapidus-and-cadence-partner-on-agentic-ai-for-advanced-soc-design,"Fri, 17 Jul 2026 15:37:15 +0000","<p>Collaboration combines Rapidus’ AI-Agentic Design Solution with Cadence InnoStack AI Super Agent to target up to a 2X acceleration of design turnaround times.</p>
<p>The post <a href=""https://www.semiconductor-digest.com/rapidus-and-cadence-partner-on-agentic-ai-for-advanced-soc-design/"">Rapidus and Cadence Partner on Agentic AI for Advanced SoC Design</a> appeared first on <a href=""https://www.semiconductor-digest.com"">Semiconductor Digest</a>.</p>",2026-07-24T19:37:46.254128
SemiconductorDigest,Full-Chip EUV Curvilinear Mask Optimization,https://www.semiconductor-digest.com/full-chip-euv-curvilinear-mask-optimization/?utm_source=rss&utm_medium=rss&utm_campaign=full-chip-euv-curvilinear-mask-optimization,"Thu, 16 Jul 2026 19:56:28 +0000","<p>Lithography stands as one of the core processes in advanced integrated circuit (IC) manufacturing, where exposure precision directly determines the critical dimensions (CDs) and performance of chips.</p>
<p>The post <a href=""https://www.semiconductor-digest.com/full-chip-euv-curvilinear-mask-optimization/"">Full-Chip EUV Curvilinear Mask Optimization</a> appeared first on <a href=""https://www.semiconductor-digest.com"">Semiconductor Digest</a>.</p>",2026-07-24T19:37:46.254130
SemiconductorDigest,Leading Global AI Hyperscaler Selects ATLANT 3D’s NANOFABRICATOR Platform for Setting AI-Driven Materials Discovery Lab,https://www.semiconductor-digest.com/leading-global-ai-hyperscaler-selects-atlant-3ds-nanofabricator-platform-for-setting-ai-driven-materials-discovery-lab/?utm_source=rss&utm_medium=rss&utm_campaign=leading-global-ai-hyperscaler-selects-atlant-3ds-nanofabricator-platform-for-setting-ai-driven-materials-discovery-lab,"Thu, 16 Jul 2026 19:28:11 +0000","<p>ATLANT 3D today announced that it has secured an order from a global AI hyperscaler for its NANOFABRICATOR LITE platform.</p>
<p>The post <a href=""https://www.semiconductor-digest.com/leading-global-ai-hyperscaler-selects-atlant-3ds-nanofabricator-platform-for-setting-ai-driven-materials-discovery-lab/"">Leading Global AI Hyperscaler Selects ATLANT 3D&#8217;s NANOFABRICATOR Platform for Setting AI-Driven Materials Discovery Lab</a> appeared first on <a href=""https://www.semiconductor-digest.com"">Semiconductor Digest</a>.</p>",2026-07-24T19:37:46.254131
SemiconductorDigest,LG Chem Enters Semiconductor Stripper Market with Mass Supply to Amkor,https://www.semiconductor-digest.com/lg-chem-enters-semiconductor-stripper-market-with-mass-supply-to-amkor/?utm_source=rss&utm_medium=rss&utm_campaign=lg-chem-enters-semiconductor-stripper-market-with-mass-supply-to-amkor,"Thu, 16 Jul 2026 19:21:32 +0000","<p>LG Chem announced on July 16 that it has begun mass production and supply of semiconductor strippers to Amkor Technology, marking the company’s first entry into the semiconductor stripper market and accelerating its strategy to expand its semiconductor materials business.</p>
<p>The post <a href=""https://www.semiconductor-digest.com/lg-chem-enters-semiconductor-stripper-market-with-mass-supply-to-amkor/"">LG Chem Enters Semiconductor Stripper Market with Mass Supply to Amkor</a> appeared first on <a href=""https://www.semiconductor-digest.com"">Semiconductor Digest</a>.</p>",2026-07-24T19:37:46.254133
SemiconductorDigest,"Former IBM Quantum, IonQ Executive Joins Haiqu to Drive Commercialization of Agentic Operating System for Quantum R&D",https://www.semiconductor-digest.com/former-ibm-quantum-ionq-executive-joins-haiqu-to-drive-commercialization-of-agentic-operating-system-for-quantum-rd/?utm_source=rss&utm_medium=rss&utm_campaign=former-ibm-quantum-ionq-executive-joins-haiqu-to-drive-commercialization-of-agentic-operating-system-for-quantum-rd,"Thu, 16 Jul 2026 19:05:51 +0000","<p>Denise Ruffner brings more than a decade of experience building commercialization strategies for quantum industry leaders.</p>
<p>The post <a href=""https://www.semiconductor-digest.com/former-ibm-quantum-ionq-executive-joins-haiqu-to-drive-commercialization-of-agentic-operating-system-for-quantum-rd/"">Former IBM Quantum, IonQ Executive Joins Haiqu to Drive Commercialization of Agentic Operating System for Quantum R&#038;D</a> appeared first on <a href=""https://www.semiconductor-digest.com"">Semiconductor Digest</a>.</p>",2026-07-24T19:37:46.254135
SemiconductorDigest,The Invisible Wearable: New Skin Sensors Revolutionizing Health Monitoring,https://www.semiconductor-digest.com/the-invisible-wearable-new-skin-sensors-revolutionizing-health-monitoring/?utm_source=rss&utm_medium=rss&utm_campaign=the-invisible-wearable-new-skin-sensors-revolutionizing-health-monitoring,"Wed, 15 Jul 2026 21:06:06 +0000","<p>Researchers from the Institute of Industrial Science, The University of Tokyo and collaborating institutions reported the development of thin, stretchable on-skin electrodes that are effectively invisible when worn on the face.</p>
<p>The post <a href=""https://www.semiconductor-digest.com/the-invisible-wearable-new-skin-sensors-revolutionizing-health-monitoring/"">The Invisible Wearable: New Skin Sensors Revolutionizing Health Monitoring</a> appeared first on <a href=""https://www.semiconductor-digest.com"">Semiconductor Digest</a>.</p>",2026-07-24T19:37:46.254137
SemiconductorDigest,Saras Micro Devices Expands Senior Leadership Team,https://www.semiconductor-digest.com/saras-micro-devices-expands-senior-leadership-team/?utm_source=rss&utm_medium=rss&utm_campaign=saras-micro-devices-expands-senior-leadership-team,"Wed, 15 Jul 2026 20:37:29 +0000","<p>Saras Micro Devices, an emerging leader in cutting-edge power performance solutions leveraging integrated packaging design, today announced the expansion of its senior leadership team with the appointment of Shaun Bowers as senior vice president of product management and Georgette Woodyard as senior vice president of sales and business development.</p>
<p>The post <a href=""https://www.semiconductor-digest.com/saras-micro-devices-expands-senior-leadership-team/"">Saras Micro Devices Expands Senior Leadership Team</a> appeared first on <a href=""https://www.semiconductor-digest.com"">Semiconductor Digest</a>.</p>",2026-07-24T19:37:46.254139
SemiconductorDigest,ChipAgents Helps Whalechip Cut Semiconductor Root Cause Analysis from Days to Minutes,https://www.semiconductor-digest.com/chipagents-helps-whalechip-cut-semiconductor-root-cause-analysis-from-days-to-minutes/?utm_source=rss&utm_medium=rss&utm_campaign=chipagents-helps-whalechip-cut-semiconductor-root-cause-analysis-from-days-to-minutes,"Wed, 15 Jul 2026 20:32:26 +0000","<p>AI-powered platform identified four critical SoC bugs and helped prevent up to two weeks of potential development delays.</p>
<p>The post <a href=""https://www.semiconductor-digest.com/chipagents-helps-whalechip-cut-semiconductor-root-cause-analysis-from-days-to-minutes/"">ChipAgents Helps Whalechip Cut Semiconductor Root Cause Analysis from Days to Minutes</a> appeared first on <a href=""https://www.semiconductor-digest.com"">Semiconductor Digest</a>.</p>",2026-07-24T19:37:46.254140
SemiconductorDigest,Large-area OLED Shipments to Increase 18.8% YoY in 2026 Despite Economic Uncertainty and Component Price Hike,https://www.semiconductor-digest.com/large-area-oled-shipments-to-increase-18-8-yoy-in-2026-despite-economic-uncertainty-and-component-price-hike/?utm_source=rss&utm_medium=rss&utm_campaign=large-area-oled-shipments-to-increase-18-8-yoy-in-2026-despite-economic-uncertainty-and-component-price-hike,"Wed, 15 Jul 2026 19:54:29 +0000","<p>Large-area OLED shipments are forecast to increase by 18.8% year-over-year (YoY), reaching 38.8 million in 2026, according to Omdia’s Large-area display market tracker.</p>
<p>The post <a href=""https://www.semiconductor-digest.com/large-area-oled-shipments-to-increase-18-8-yoy-in-2026-despite-economic-uncertainty-and-component-price-hike/"">Large-area OLED Shipments to Increase 18.8% YoY in 2026 Despite Economic Uncertainty and Component Price Hike</a> appeared first on <a href=""https://www.semiconductor-digest.com"">Semiconductor Digest</a>.</p>",2026-07-24T19:37:46.254142
SemiconductorDigest,Scientists Unveil Technique to Build Ultra-Thin Material Stacks that Promise Quantum Breakthrough,https://www.semiconductor-digest.com/scientists-unveil-technique-to-build-ultra-thin-material-stacks-that-promise-quantum-breakthrough/?utm_source=rss&utm_medium=rss&utm_campaign=scientists-unveil-technique-to-build-ultra-thin-material-stacks-that-promise-quantum-breakthrough,"Tue, 14 Jul 2026 20:35:43 +0000","<p>Scientists have unveiled a new fabrication technique for the ultra-clean manufacturing of 2D heterostructures – materials just a few atoms thick – which could be used in quantum technology and electronics.</p>
<p>The post <a href=""https://www.semiconductor-digest.com/scientists-unveil-technique-to-build-ultra-thin-material-stacks-that-promise-quantum-breakthrough/"">Scientists Unveil Technique to Build Ultra-Thin Material Stacks that Promise Quantum Breakthrough</a> appeared first on <a href=""https://www.semiconductor-digest.com"">Semiconductor Digest</a>.</p>",2026-07-24T19:37:46.254144
SemiconductorDigest,Presidio Investors Announces Sale of ElevATE Semiconductor to Diodes Incorporated,https://www.semiconductor-digest.com/presidio-investors-announces-sale-of-elevate-semiconductor-to-diodes-incorporated/?utm_source=rss&utm_medium=rss&utm_campaign=presidio-investors-announces-sale-of-elevate-semiconductor-to-diodes-incorporated,"Tue, 14 Jul 2026 20:28:24 +0000","<p>Sale to Nasdaq-listed strategic acquirer marks successful realization of Presidio’s first continuation fund.</p>
<p>The post <a href=""https://www.semiconductor-digest.com/presidio-investors-announces-sale-of-elevate-semiconductor-to-diodes-incorporated/"">Presidio Investors Announces Sale of ElevATE Semiconductor to Diodes Incorporated</a> appeared first on <a href=""https://www.semiconductor-digest.com"">Semiconductor Digest</a>.</p>",2026-07-24T19:37:46.254146
SemiconductorDigest,Arteris Expands Partnership with Arm to Accelerate Semiconductor Cybersecurity,https://www.semiconductor-digest.com/arteris-expands-partnership-with-arm-to-accelerate-semiconductor-cybersecurity/?utm_source=rss&utm_medium=rss&utm_campaign=arteris-expands-partnership-with-arm-to-accelerate-semiconductor-cybersecurity,"Tue, 14 Jul 2026 20:24:01 +0000","<p>Arteris hardware security assurance products are being extended across the Arm CPU IP portfolio, building on five years of collaboration.</p>
<p>The post <a href=""https://www.semiconductor-digest.com/arteris-expands-partnership-with-arm-to-accelerate-semiconductor-cybersecurity/"">Arteris Expands Partnership with Arm to Accelerate Semiconductor Cybersecurity</a> appeared first on <a href=""https://www.semiconductor-digest.com"">Semiconductor Digest</a>.</p>",2026-07-24T19:37:46.254147
SemiconductorDigest,"Global Semiconductor Equipment Sales Forecast to Reach a Record $229 Billion in 2028, SEMI Reports",https://www.semiconductor-digest.com/global-semiconductor-equipment-sales-forecast-to-reach-a-record-229-billion-in-2028-semi-reports/?utm_source=rss&utm_medium=rss&utm_campaign=global-semiconductor-equipment-sales-forecast-to-reach-a-record-229-billion-in-2028-semi-reports,"Tue, 14 Jul 2026 20:22:29 +0000","<p>Global sales of total semiconductor manufacturing equipment by original equipment manufacturers (OEMs) are forecast to reach a record high of $165.9 billion in 2026, increasing 23.2% year-on-year, SEMI announced today.</p>
<p>The post <a href=""https://www.semiconductor-digest.com/global-semiconductor-equipment-sales-forecast-to-reach-a-record-229-billion-in-2028-semi-reports/"">Global Semiconductor Equipment Sales Forecast to Reach a Record $229 Billion in 2028, SEMI Reports</a> appeared first on <a href=""https://www.semiconductor-digest.com"">Semiconductor Digest</a>.</p>",2026-07-24T19:37:46.254149
SemiconductorDigest,"SwRI, SMU Collaborate to Advance Solid-State Batteries",https://www.semiconductor-digest.com/swri-smu-collaborate-to-advance-solid-state-batteries/?utm_source=rss&utm_medium=rss&utm_campaign=swri-smu-collaborate-to-advance-solid-state-batteries,"Mon, 13 Jul 2026 18:39:03 +0000","<p>Researchers will address a critical bottleneck in next-generation technology.</p>
<p>The post <a href=""https://www.semiconductor-digest.com/swri-smu-collaborate-to-advance-solid-state-batteries/"">SwRI, SMU Collaborate to Advance Solid-State Batteries</a> appeared first on <a href=""https://www.semiconductor-digest.com"">Semiconductor Digest</a>.</p>",2026-07-24T19:37:46.254151
SemiconductorDigest,Tomocube Launches HT-T1 Desktop for 3D Glass Substrate Defect Analysis in Advanced Packaging,https://www.semiconductor-digest.com/tomocube-launches-ht-t1-desktop-for-3d-glass-substrate-defect-analysis-in-advanced-packaging/?utm_source=rss&utm_medium=rss&utm_campaign=tomocube-launches-ht-t1-desktop-for-3d-glass-substrate-defect-analysis-in-advanced-packaging,"Mon, 13 Jul 2026 18:31:40 +0000","<p>Tomocube, a 3D non-destructive inspection and metrology company, today announced the launch of HT-T1 Desktop (HT-T1D), a desktop holotomography system for high-resolution 3D defect analysis of glass substrates used in next-generation semiconductor packaging.</p>
<p>The post <a href=""https://www.semiconductor-digest.com/tomocube-launches-ht-t1-desktop-for-3d-glass-substrate-defect-analysis-in-advanced-packaging/"">Tomocube Launches HT-T1 Desktop for 3D Glass Substrate Defect Analysis in Advanced Packaging</a> appeared first on <a href=""https://www.semiconductor-digest.com"">Semiconductor Digest</a>.</p>",2026-07-24T19:37:46.254152
SemiconductorDigest,ESD Alliance Reports Electronic System Design Industry Posts $5.7 Billion in Revenue in Q1 2026,https://www.semiconductor-digest.com/esd-alliance-reports-electronic-system-design-industry-posts-5-7-billion-in-revenue-in-q1-2026/?utm_source=rss&utm_medium=rss&utm_campaign=esd-alliance-reports-electronic-system-design-industry-posts-5-7-billion-in-revenue-in-q1-2026,"Mon, 13 Jul 2026 18:21:16 +0000","<p>Electronic System Design (ESD) industry revenue increased 12.7% to $5,747.8 million in the first quarter of 2026 from the $5,098.3 million registered in the firstquarter of 2025, the ESD Alliance, a SEMI Technology Coalition, announced today in its latest Electronic Design Market Data (EDMD) report.</p>
<p>The post <a href=""https://www.semiconductor-digest.com/esd-alliance-reports-electronic-system-design-industry-posts-5-7-billion-in-revenue-in-q1-2026/"">ESD Alliance Reports Electronic System Design Industry Posts $5.7 Billion in Revenue in Q1 2026</a> appeared first on <a href=""https://www.semiconductor-digest.com"">Semiconductor Digest</a>.</p>",2026-07-24T19:37:46.254154
SemiconductorDigest,Imec and Diraq Demonstrate First Coherent Operation of Eight Silicon MOS Spin Qubits Fabricated in a 300mm CMOS-Compatible Foundry Process,https://www.semiconductor-digest.com/imec-and-diraq-demonstrate-first-coherent-operation-of-eight-silicon-mos-spin-qubits-fabricated-in-a-300mm-cmos-compatible-foundry-process/?utm_source=rss&utm_medium=rss&utm_campaign=imec-and-diraq-demonstrate-first-coherent-operation-of-eight-silicon-mos-spin-qubits-fabricated-in-a-300mm-cmos-compatible-foundry-process,"Mon, 13 Jul 2026 18:01:28 +0000","<p>Result shows that industrial semiconductor manufacturing can support the scaling of silicon quantum processors beyond the two-qubit regime.</p>
<p>The post <a href=""https://www.semiconductor-digest.com/imec-and-diraq-demonstrate-first-coherent-operation-of-eight-silicon-mos-spin-qubits-fabricated-in-a-300mm-cmos-compatible-foundry-process/"">Imec and Diraq Demonstrate First Coherent Operation of Eight Silicon MOS Spin Qubits Fabricated in a 300mm CMOS-Compatible Foundry Process</a> appeared first on <a href=""https://www.semiconductor-digest.com"">Semiconductor Digest</a>.</p>",2026-07-24T19:37:46.254156
SemiconductorDigest,Bosch Announces $225M Direct Funding Agreement with the U.S. Department of Commerce,https://www.semiconductor-digest.com/bosch-announces-225m-direct-funding-agreement-with-the-u-s-department-of-commerce/?utm_source=rss&utm_medium=rss&utm_campaign=bosch-announces-225m-direct-funding-agreement-with-the-u-s-department-of-commerce,"Mon, 13 Jul 2026 17:58:25 +0000","<p>Bosch intends to start U.S. based commercial manufacturing in 2026 – just three years after acquiring the Roseville site.</p>
<p>The post <a href=""https://www.semiconductor-digest.com/bosch-announces-225m-direct-funding-agreement-with-the-u-s-department-of-commerce/"">Bosch Announces $225M Direct Funding Agreement with the U.S. Department of Commerce</a> appeared first on <a href=""https://www.semiconductor-digest.com"">Semiconductor Digest</a>.</p>",2026-07-24T19:37:46.254158
SemiconductorDigest,ROHM Launches 600V Super Junction MOSFETs in Surface-Mount Package with High Thermal Performance,https://www.semiconductor-digest.com/rohm-launches-600v-super-junction-mosfets-in-surface-mount-package-with-high-thermal-performance/?utm_source=rss&utm_medium=rss&utm_campaign=rohm-launches-600v-super-junction-mosfets-in-surface-mount-package-with-high-thermal-performance,"Fri, 10 Jul 2026 16:42:16 +0000","<p>ROHM Semiconductor today announced it has developed a new lineup of 600V Super Junction MOSFETs, the R60xxXNx and R60xxWNx series.</p>
<p>The post <a href=""https://www.semiconductor-digest.com/rohm-launches-600v-super-junction-mosfets-in-surface-mount-package-with-high-thermal-performance/"">ROHM Launches 600V Super Junction MOSFETs in Surface-Mount Package with High Thermal Performance</a> appeared first on <a href=""https://www.semiconductor-digest.com"">Semiconductor Digest</a>.</p>",2026-07-24T19:37:46.254160
SemiconductorDigest,ZEISS Opens Semiconductor Innovation Center in Korea,https://www.semiconductor-digest.com/zeiss-opens-semiconductor-innovation-center-in-korea/?utm_source=rss&utm_medium=rss&utm_campaign=zeiss-opens-semiconductor-innovation-center-in-korea,"Fri, 10 Jul 2026 16:17:05 +0000","<p>ZEISS Semiconductor Manufacturing Technology (SMT) has opened a new ZEISS Innovation Center in Yongin, Korea.</p>
<p>The post <a href=""https://www.semiconductor-digest.com/zeiss-opens-semiconductor-innovation-center-in-korea/"">ZEISS Opens Semiconductor Innovation Center in Korea</a> appeared first on <a href=""https://www.semiconductor-digest.com"">Semiconductor Digest</a>.</p>",2026-07-24T19:37:46.254161
SemiconductorDigest,TXST Researchers Help Solve a Persistent Problem in Next-Generation Semiconductors,https://www.semiconductor-digest.com/txst-researchers-help-solve-a-persistent-problem-in-next-generation-semiconductors/?utm_source=rss&utm_medium=rss&utm_campaign=txst-researchers-help-solve-a-persistent-problem-in-next-generation-semiconductors,"Fri, 10 Jul 2026 16:14:51 +0000","<p>Researchers at Texas State University have pioneered a novel manufacturing technology that could lower the cost and improve the performance of radio frequency (RF) semiconductors used in wireless cellular networks and radar systems.</p>
<p>The post <a href=""https://www.semiconductor-digest.com/txst-researchers-help-solve-a-persistent-problem-in-next-generation-semiconductors/"">TXST Researchers Help Solve a Persistent Problem in Next-Generation Semiconductors </a> appeared first on <a href=""https://www.semiconductor-digest.com"">Semiconductor Digest</a>.</p>",2026-07-24T19:37:46.254163
SemiconductorDigest,Hanyang University Researchers Achieve Controllable Doping in Organic Semiconductors,https://www.semiconductor-digest.com/hanyang-university-researchers-achieve-controllable-doping-in-organic-semiconductors/?utm_source=rss&utm_medium=rss&utm_campaign=hanyang-university-researchers-achieve-controllable-doping-in-organic-semiconductors,"Fri, 10 Jul 2026 16:09:22 +0000","<p>An innovative method leveraging solvent polarity to regulate doping could unlock new applications in wearable electronics and self-powered sensors.</p>
<p>The post <a href=""https://www.semiconductor-digest.com/hanyang-university-researchers-achieve-controllable-doping-in-organic-semiconductors/"">Hanyang University Researchers Achieve Controllable Doping in Organic Semiconductors</a> appeared first on <a href=""https://www.semiconductor-digest.com"">Semiconductor Digest</a>.</p>",2026-07-24T19:37:46.254165
SemiconductorDigest,Micron Announces Up to $3 Billion Strategic Investment,https://www.semiconductor-digest.com/micron-announces-up-to-3-billion-strategic-investment/?utm_source=rss&utm_medium=rss&utm_campaign=micron-announces-up-to-3-billion-strategic-investment,"Thu, 09 Jul 2026 18:06:36 +0000","<p>Investment supports GlobalWafers’ U.S. wafer manufacturing expansion and other strategic investments for long-term supply assurance.</p>
<p>The post <a href=""https://www.semiconductor-digest.com/micron-announces-up-to-3-billion-strategic-investment/"">Micron Announces Up to $3 Billion Strategic Investment</a> appeared first on <a href=""https://www.semiconductor-digest.com"">Semiconductor Digest</a>.</p>",2026-07-24T19:37:46.254167
SemiconductorDigest,"Micron Accelerates U.S. Investments, Pours First Concrete at New York Fab",https://www.semiconductor-digest.com/micron-accelerates-u-s-investments-pours-first-concrete-at-new-york-fab/?utm_source=rss&utm_medium=rss&utm_campaign=micron-accelerates-u-s-investments-pours-first-concrete-at-new-york-fab,"Thu, 09 Jul 2026 18:05:22 +0000","<p>Micron raises its planned U.S. investment to more than $250 billion through 2035 and celebrates a construction milestone at what will be the largest semiconductor manufacturing site in U.S. history.</p>
<p>The post <a href=""https://www.semiconductor-digest.com/micron-accelerates-u-s-investments-pours-first-concrete-at-new-york-fab/"">Micron Accelerates U.S. Investments, Pours First Concrete at New York Fab</a> appeared first on <a href=""https://www.semiconductor-digest.com"">Semiconductor Digest</a>.</p>",2026-07-24T19:37:46.254169
SemiconductorDigest,KAIST Automates the Search for “Dream Semiconductor” 2D Semiconductors,https://www.semiconductor-digest.com/kaist-automates-the-search-for-dream-semiconductor-2d-semiconductors/?utm_source=rss&utm_medium=rss&utm_campaign=kaist-automates-the-search-for-dream-semiconductor-2d-semiconductors,"Thu, 09 Jul 2026 17:52:13 +0000","<p>A joint research team from KAIST, UNIST, Hanbat National University, Hanyang University, and Washington University in St. Louis has developed technology for automatically screening two-dimensional semiconductors only a few atomic layers thick and fabric.</p>
<p>The post <a href=""https://www.semiconductor-digest.com/kaist-automates-the-search-for-dream-semiconductor-2d-semiconductors/"">KAIST Automates the Search for &#8220;Dream Semiconductor&#8221; 2D Semiconductors</a> appeared first on <a href=""https://www.semiconductor-digest.com"">Semiconductor Digest</a>.</p>",2026-07-24T19:37:46.254171
SemiconductorDigest,TetraMem and SK hynix Showcase Successful Technology Collaboration Advancing Memory-Centric AI Computing,https://www.semiconductor-digest.com/tetramem-and-sk-hynix-showcase-successful-technology-collaboration-advancing-memory-centric-ai-computing/?utm_source=rss&utm_medium=rss&utm_campaign=tetramem-and-sk-hynix-showcase-successful-technology-collaboration-advancing-memory-centric-ai-computing,"Wed, 08 Jul 2026 18:05:27 +0000","<p>Joint achievement highlights how Analog In-Memory Computing can address the growing energy and thermal challenges of AI while laying the foundation for deeper collaboration on next-generation memory and computing architectures.</p>
<p>The post <a href=""https://www.semiconductor-digest.com/tetramem-and-sk-hynix-showcase-successful-technology-collaboration-advancing-memory-centric-ai-computing/"">TetraMem and SK hynix Showcase Successful Technology Collaboration Advancing Memory-Centric AI Computing</a> appeared first on <a href=""https://www.semiconductor-digest.com"">Semiconductor Digest</a>.</p>",2026-07-24T19:37:46.254173
SemiconductorDigest,Rigaku Opens “Rigaku Solutions Center Osaka” to Strengthen Global Semiconductor Metrology Service Capabilities,https://www.semiconductor-digest.com/rigaku-opens-rigaku-solutions-center-osaka-to-strengthen-global-semiconductor-metrology-service-capabilities/?utm_source=rss&utm_medium=rss&utm_campaign=rigaku-opens-rigaku-solutions-center-osaka-to-strengthen-global-semiconductor-metrology-service-capabilities,"Wed, 08 Jul 2026 17:41:20 +0000","<p>The new facility centralizes and expands practical training for field service engineers supporting semiconductor metrology systems, strengthening Rigaku's global service capabilities.</p>
<p>The post <a href=""https://www.semiconductor-digest.com/rigaku-opens-rigaku-solutions-center-osaka-to-strengthen-global-semiconductor-metrology-service-capabilities/"">Rigaku Opens &#8220;Rigaku Solutions Center Osaka&#8221; to Strengthen Global Semiconductor Metrology Service Capabilities</a> appeared first on <a href=""https://www.semiconductor-digest.com"">Semiconductor Digest</a>.</p>",2026-07-24T19:37:46.254175
SemiconductorDigest,Zuken Joins TSMC’s Open Innovation Platform EDA Alliance,https://www.semiconductor-digest.com/zuken-joins-tsmcs-open-innovation-platform-eda-alliance/?utm_source=rss&utm_medium=rss&utm_campaign=zuken-joins-tsmcs-open-innovation-platform-eda-alliance,"Wed, 08 Jul 2026 17:38:26 +0000","<p>Zuken Inc. today announced that it has joined the EDA Alliance in TSMC’s Open Innovation Platform (OIP).</p>
<p>The post <a href=""https://www.semiconductor-digest.com/zuken-joins-tsmcs-open-innovation-platform-eda-alliance/"">Zuken Joins TSMC’s Open Innovation Platform EDA Alliance</a> appeared first on <a href=""https://www.semiconductor-digest.com"">Semiconductor Digest</a>.</p>",2026-07-24T19:37:46.254177
SemiconductorDigest,Arteris Announces Collaboration with IC-Link by imec to Accelerate Next-Gen AI and HPC Silicon,https://www.semiconductor-digest.com/arteris-announces-collaboration-with-ic-link-by-imec-to-accelerate-next-gen-ai-and-hpc-silicon/?utm_source=rss&utm_medium=rss&utm_campaign=arteris-announces-collaboration-with-ic-link-by-imec-to-accelerate-next-gen-ai-and-hpc-silicon,"Wed, 08 Jul 2026 17:29:24 +0000","<p>Arteris provides high-performance and energy-efficient, safe and secure silicon-proven network-on-chip (NoC) IP technology for AI ASIC with chiplet reuse and reduced time to market. </p>
<p>The post <a href=""https://www.semiconductor-digest.com/arteris-announces-collaboration-with-ic-link-by-imec-to-accelerate-next-gen-ai-and-hpc-silicon/"">Arteris Announces Collaboration with IC-Link by imec to Accelerate Next-Gen AI and HPC Silicon</a> appeared first on <a href=""https://www.semiconductor-digest.com"">Semiconductor Digest</a>.</p>",2026-07-24T19:37:46.254179
SemiconductorDigest,SEALSQ and GlobalFoundries Partner to Accelerate Post-Quantum Cryptography and Quantum Computing Technologies,https://www.semiconductor-digest.com/sealsq-and-globalfoundries-partner-to-accelerate-post-quantum-cryptography-and-quantum-computing-technologies/?utm_source=rss&utm_medium=rss&utm_campaign=sealsq-and-globalfoundries-partner-to-accelerate-post-quantum-cryptography-and-quantum-computing-technologies,"Wed, 08 Jul 2026 17:26:05 +0000","<p>SEALSQ Corp and GlobalFoundries today announced a strategic Memorandum of Understanding (MoU) to co-develop across secure semiconductor platforms, Post-Quantum Cryptography (PQC) and emerging semiconductor-based quantum computing technologies.</p>
<p>The post <a href=""https://www.semiconductor-digest.com/sealsq-and-globalfoundries-partner-to-accelerate-post-quantum-cryptography-and-quantum-computing-technologies/"">SEALSQ and GlobalFoundries Partner to Accelerate Post-Quantum Cryptography and Quantum Computing Technologies</a> appeared first on <a href=""https://www.semiconductor-digest.com"">Semiconductor Digest</a>.</p>",2026-07-24T19:37:46.254181
SemiconductorDigest,Analog Devices Completes Acquisition of Empower Semiconductor,https://www.semiconductor-digest.com/analog-devices-completes-acquisition-of-empower-semiconductor/?utm_source=rss&utm_medium=rss&utm_campaign=analog-devices-completes-acquisition-of-empower-semiconductor,"Tue, 07 Jul 2026 19:31:27 +0000","<p>Analog Devices, Inc. today announced the completion of its acquisition of Empower Semiconductor.</p>
<p>The post <a href=""https://www.semiconductor-digest.com/analog-devices-completes-acquisition-of-empower-semiconductor/"">Analog Devices Completes Acquisition of Empower Semiconductor</a> appeared first on <a href=""https://www.semiconductor-digest.com"">Semiconductor Digest</a>.</p>",2026-07-24T19:37:46.254182
SemiconductorDigest,"CG Semi Commences Commercial Production at Its G1 OSAT Facility in Sanand, Gujarat",https://www.semiconductor-digest.com/cg-semi-commences-commercial-production-at-its-g1-osat-facility-in-sanand-gujarat/?utm_source=rss&utm_medium=rss&utm_campaign=cg-semi-commences-commercial-production-at-its-g1-osat-facility-in-sanand-gujarat,"Tue, 07 Jul 2026 19:29:03 +0000","<p>A key milestone in India’s semiconductor manufacturing journey.</p>
<p>The post <a href=""https://www.semiconductor-digest.com/cg-semi-commences-commercial-production-at-its-g1-osat-facility-in-sanand-gujarat/"">CG Semi Commences Commercial Production at Its G1 OSAT Facility in Sanand, Gujarat</a> appeared first on <a href=""https://www.semiconductor-digest.com"">Semiconductor Digest</a>.</p>",2026-07-24T19:37:46.254184
SemiconductorDigest,"ACCM Introduces Celeritas SMC: A Production-Ready, Silicon-Matched Core for Advanced Packaging",https://www.semiconductor-digest.com/accm-introduces-celeritas-smc-a-production-ready-silicon-matched-core-for-advanced-packaging/?utm_source=rss&utm_medium=rss&utm_campaign=accm-introduces-celeritas-smc-a-production-ready-silicon-matched-core-for-advanced-packaging,"Tue, 07 Jul 2026 19:13:10 +0000","<p>Shipping now from ACCM's Wisconsin facility, Celeritas SMC enables low-warpage, high-reliability chiplet and embedded-bridge packages using established substrate processes, without TGVs, brittle glass handling, or glass-specific capital equipment.</p>
<p>The post <a href=""https://www.semiconductor-digest.com/accm-introduces-celeritas-smc-a-production-ready-silicon-matched-core-for-advanced-packaging/"">ACCM Introduces Celeritas SMC: A Production-Ready, Silicon-Matched Core for Advanced Packaging</a> appeared first on <a href=""https://www.semiconductor-digest.com"">Semiconductor Digest</a>.</p>",2026-07-24T19:37:46.254186
SemiconductorDigest,Alpha and Omega Semiconductor Unveils AmpStack Packaging,https://www.semiconductor-digest.com/alpha-and-omega-semiconductor-unveils-ampstack-packaging/?utm_source=rss&utm_medium=rss&utm_campaign=alpha-and-omega-semiconductor-unveils-ampstack-packaging,"Tue, 07 Jul 2026 19:01:09 +0000","<p>Innovative vertically stacked packaging DFN6x5 technology in a half-bridge configuration.</p>
<p>The post <a href=""https://www.semiconductor-digest.com/alpha-and-omega-semiconductor-unveils-ampstack-packaging/"">Alpha and Omega Semiconductor Unveils AmpStack Packaging</a> appeared first on <a href=""https://www.semiconductor-digest.com"">Semiconductor Digest</a>.</p>",2026-07-24T19:37:46.254188
SemiconductorDigest,"Development of High-Performance, Air- and Thermally-Stable Tin Perovskite Transistors Through Volatile Surface Coordination",https://www.semiconductor-digest.com/development-of-high-performance-air-and-thermally-stable-tin-perovskite-transistors-through-volatile-surface-coordination/?utm_source=rss&utm_medium=rss&utm_campaign=development-of-high-performance-air-and-thermally-stable-tin-perovskite-transistors-through-volatile-surface-coordination,"Tue, 07 Jul 2026 18:49:36 +0000","<p>A research team led by Professor Yong-Young Noh at POSTECH (Pohang University of Science and Technology) has solved this long-standing problem and published a next-generation semiconductor with enhanced performance and stability in Nature.</p>
<p>The post <a href=""https://www.semiconductor-digest.com/development-of-high-performance-air-and-thermally-stable-tin-perovskite-transistors-through-volatile-surface-coordination/"">Development of High-Performance, Air- and Thermally-Stable Tin Perovskite Transistors Through Volatile Surface Coordination</a> appeared first on <a href=""https://www.semiconductor-digest.com"">Semiconductor Digest</a>.</p>",2026-07-24T19:37:46.254190
SemiconductorDigest,SEMI and TechSearch International Release 2026 Edition of Worldwide Assembly & Test Facility Database,https://www.semiconductor-digest.com/semi-and-techsearch-international-release-2026-edition-of-worldwide-assembly-test-facility-database/?utm_source=rss&utm_medium=rss&utm_campaign=semi-and-techsearch-international-release-2026-edition-of-worldwide-assembly-test-facility-database,"Tue, 07 Jul 2026 18:45:00 +0000","<p>Expanded coverage and new data fields provide greater visibility into compound semiconductor, AI/HPC and photonics activity.</p>
<p>The post <a href=""https://www.semiconductor-digest.com/semi-and-techsearch-international-release-2026-edition-of-worldwide-assembly-test-facility-database/"">SEMI and TechSearch International Release 2026 Edition of Worldwide Assembly &#038; Test Facility Database</a> appeared first on <a href=""https://www.semiconductor-digest.com"">Semiconductor Digest</a>.</p>",2026-07-24T19:37:46.254192
SemiconductorDigest,Global Semiconductor Sales Increase 9.2% Month-to-Month in May,https://www.semiconductor-digest.com/global-semiconductor-sales-increase-9-2-month-to-month-in-may/?utm_source=rss&utm_medium=rss&utm_campaign=global-semiconductor-sales-increase-9-2-month-to-month-in-may,"Mon, 06 Jul 2026 21:22:28 +0000","<p>An increase of 9.2% compared to the April 2026 total of $110.5 billion and 104.1% more than the May 2025 total of $59.1 billion.</p>
<p>The post <a href=""https://www.semiconductor-digest.com/global-semiconductor-sales-increase-9-2-month-to-month-in-may/"">Global Semiconductor Sales Increase 9.2% Month-to-Month in May</a> appeared first on <a href=""https://www.semiconductor-digest.com"">Semiconductor Digest</a>.</p>",2026-07-24T19:37:46.254193
SemiconductorDigest,Micron and Ford Sign Strategic Agreement to Strengthen Long-Term Memory Supply and Industry Resilience,https://www.semiconductor-digest.com/micron-and-ford-sign-strategic-agreement-to-strengthen-long-term-memory-supply-and-industry-resilience/?utm_source=rss&utm_medium=rss&utm_campaign=micron-and-ford-sign-strategic-agreement-to-strengthen-long-term-memory-supply-and-industry-resilience,"Mon, 06 Jul 2026 21:19:51 +0000","<p>Supply continuity supports Ford with high-performance memory and storage solutions for consumers around the world.</p>
<p>The post <a href=""https://www.semiconductor-digest.com/micron-and-ford-sign-strategic-agreement-to-strengthen-long-term-memory-supply-and-industry-resilience/"">Micron and Ford Sign Strategic Agreement to Strengthen Long-Term Memory Supply and Industry Resilience</a> appeared first on <a href=""https://www.semiconductor-digest.com"">Semiconductor Digest</a>.</p>",2026-07-24T19:37:46.254195
SemiconductorDigest,How Reliable Is My Computer Chip?,https://www.semiconductor-digest.com/how-reliable-is-my-computer-chip/?utm_source=rss&utm_medium=rss&utm_campaign=how-reliable-is-my-computer-chip,"Mon, 06 Jul 2026 21:16:46 +0000","<p>Electronic components are becoming ever smaller, and quality control is becoming increasingly difficult. TU Wien shows that established methods fall short — and what should be done instead.</p>
<p>The post <a href=""https://www.semiconductor-digest.com/how-reliable-is-my-computer-chip/"">How Reliable Is My Computer Chip?</a> appeared first on <a href=""https://www.semiconductor-digest.com"">Semiconductor Digest</a>.</p>",2026-07-24T19:37:46.254197
SemiconductorDigest,Role in Building National Semiconductor Workforce Grows,https://www.semiconductor-digest.com/role-in-building-national-semiconductor-workforce-grows/?utm_source=rss&utm_medium=rss&utm_campaign=role-in-building-national-semiconductor-workforce-grows,"Mon, 06 Jul 2026 21:12:25 +0000","<p>UT Dallas to lead key initiatives within the new National Network for Microelectronics Education South Regional Node.</p>
<p>The post <a href=""https://www.semiconductor-digest.com/role-in-building-national-semiconductor-workforce-grows/"">Role in Building National Semiconductor Workforce Grows</a> appeared first on <a href=""https://www.semiconductor-digest.com"">Semiconductor Digest</a>.</p>",2026-07-24T19:37:46.254199
SemiconductorDigest,Micron and General Motors Sign Strategic Agreement to Secure Supply and Accelerate Innovation,https://www.semiconductor-digest.com/micron-and-general-motors-sign-strategic-agreement-to-secure-supply-and-accelerate-innovation/?utm_source=rss&utm_medium=rss&utm_campaign=micron-and-general-motors-sign-strategic-agreement-to-secure-supply-and-accelerate-innovation,"Thu, 02 Jul 2026 18:30:09 +0000","<p>Supply commitment supports next-generation GM vehicle platforms with reliable, high-performance memory and storage solutions.</p>
<p>The post <a href=""https://www.semiconductor-digest.com/micron-and-general-motors-sign-strategic-agreement-to-secure-supply-and-accelerate-innovation/"">Micron and General Motors Sign Strategic Agreement to Secure Supply and Accelerate Innovation</a> appeared first on <a href=""https://www.semiconductor-digest.com"">Semiconductor Digest</a>.</p>",2026-07-24T19:37:46.254201
SemiconductorDigest,Nova WMC Expanding Adoption Across the Most Advanced Packaging Processes,https://www.semiconductor-digest.com/nova-wmc-expanding-adoption-across-the-most-advanced-packaging-processes/?utm_source=rss&utm_medium=rss&utm_campaign=nova-wmc-expanding-adoption-across-the-most-advanced-packaging-processes,"Thu, 02 Jul 2026 18:14:36 +0000","<p>Nova today announced the selection of its Nova WMC platform by a leading global foundry customer for multiple layers' measurement in the most advanced packaging processes.</p>
<p>The post <a href=""https://www.semiconductor-digest.com/nova-wmc-expanding-adoption-across-the-most-advanced-packaging-processes/"">Nova WMC Expanding Adoption Across the Most Advanced Packaging Processes</a> appeared first on <a href=""https://www.semiconductor-digest.com"">Semiconductor Digest</a>.</p>",2026-07-24T19:37:46.254202
SemiconductorDigest,Hanbat National University Researchers Develop a New Predictive Model for Designing 2D Perovskites,https://www.semiconductor-digest.com/hanbat-national-university-researchers-develop-a-new-predictive-model-for-designing-2d-perovskites/?utm_source=rss&utm_medium=rss&utm_campaign=hanbat-national-university-researchers-develop-a-new-predictive-model-for-designing-2d-perovskites,"Thu, 02 Jul 2026 18:12:46 +0000","<p>By separating dielectric-screening effects from structural distortion, the study offers practical design rules for tuning excitons in 2D perovskites.</p>
<p>The post <a href=""https://www.semiconductor-digest.com/hanbat-national-university-researchers-develop-a-new-predictive-model-for-designing-2d-perovskites/"">Hanbat National University Researchers Develop a New Predictive Model for Designing 2D Perovskites</a> appeared first on <a href=""https://www.semiconductor-digest.com"">Semiconductor Digest</a>.</p>",2026-07-24T19:37:46.254204
SemiconductorDigest,Infineon Opens the World’s Largest Fab for Power Semiconductors and Analog/Mixed-Signal Technologies in Dresden,https://www.semiconductor-digest.com/infineon-opens-the-worlds-largest-fab-for-power-semiconductors-and-analog-mixed-signal-technologies-in-dresden/?utm_source=rss&utm_medium=rss&utm_campaign=infineon-opens-the-worlds-largest-fab-for-power-semiconductors-and-analog-mixed-signal-technologies-in-dresden,"Thu, 02 Jul 2026 17:59:04 +0000","<p>Investment of 5 billion euros strengthens manufacturing base for highly modern power semiconductors, creating 1,000 jobs in the ""Smart Power Fab.""</p>
<p>The post <a href=""https://www.semiconductor-digest.com/infineon-opens-the-worlds-largest-fab-for-power-semiconductors-and-analog-mixed-signal-technologies-in-dresden/"">Infineon Opens the World&#8217;s Largest Fab for Power Semiconductors and Analog/Mixed-Signal Technologies in Dresden</a> appeared first on <a href=""https://www.semiconductor-digest.com"">Semiconductor Digest</a>.</p>",2026-07-24T19:37:46.254206
SemiconductorDigest,Allegro DVT Plays a Pivotal Role in Groundbreaking CHASSIS Automotive Base Die Development,https://www.semiconductor-digest.com/allegro-dvt-plays-a-pivotal-role-in-groundbreaking-chassis-automotive-base-die-development/?utm_source=rss&utm_medium=rss&utm_campaign=allegro-dvt-plays-a-pivotal-role-in-groundbreaking-chassis-automotive-base-die-development,"Wed, 01 Jul 2026 21:06:53 +0000","<p>Allegro DVT announced its contribution to the European CHASSIS program's implementation of the Automotive Base Die chiplet.</p>
<p>The post <a href=""https://www.semiconductor-digest.com/allegro-dvt-plays-a-pivotal-role-in-groundbreaking-chassis-automotive-base-die-development/"">Allegro DVT Plays a Pivotal Role in Groundbreaking CHASSIS Automotive Base Die Development</a> appeared first on <a href=""https://www.semiconductor-digest.com"">Semiconductor Digest</a>.</p>",2026-07-24T19:37:46.254208
SemiconductorDigest,Sirin Software Joins Alif Semiconductor Partner Ecosystem as Authorized Design House,https://www.semiconductor-digest.com/sirin-software-joins-alif-semiconductor-partner-ecosystem-as-authorized-design-house/?utm_source=rss&utm_medium=rss&utm_campaign=sirin-software-joins-alif-semiconductor-partner-ecosystem-as-authorized-design-house,"Wed, 01 Jul 2026 20:54:32 +0000","<p>Sirin Software, an embedded software and IoT engineering services provider, today announced it has officially joined the Alif Semiconductor partner ecosystem as an authorized Design House.</p>
<p>The post <a href=""https://www.semiconductor-digest.com/sirin-software-joins-alif-semiconductor-partner-ecosystem-as-authorized-design-house/"">Sirin Software Joins Alif Semiconductor Partner Ecosystem as Authorized Design House</a> appeared first on <a href=""https://www.semiconductor-digest.com"">Semiconductor Digest</a>.</p>",2026-07-24T19:37:46.254210
SemiconductorDigest,"As the World Races to Make More Chips, the Next Bottleneck May Be Femtosecond Lasers",https://www.semiconductor-digest.com/as-the-world-races-to-make-more-chips-the-next-bottleneck-may-be-femtosecond-lasers/?utm_source=rss&utm_medium=rss&utm_campaign=as-the-world-races-to-make-more-chips-the-next-bottleneck-may-be-femtosecond-lasers,"Wed, 01 Jul 2026 20:50:15 +0000","<p>Manufacturing the latest generation of chips requires high precision; even sub-microscopic thermal damage makes a component unusable. According to experts at LITILIT, chips are increasingly manufactured using femtosecond lasers that fire extremely short light pulses to enable highly accurate processing with minimal thermal impact.</p>
<p>The post <a href=""https://www.semiconductor-digest.com/as-the-world-races-to-make-more-chips-the-next-bottleneck-may-be-femtosecond-lasers/"">As the World Races to Make More Chips, the Next Bottleneck May Be Femtosecond Lasers</a> appeared first on <a href=""https://www.semiconductor-digest.com"">Semiconductor Digest</a>.</p>",2026-07-24T19:37:46.254212
SemiconductorDigest,EdgeCortix Demonstrates Edge AI Platform Readiness with U.S. Air Force,https://www.semiconductor-digest.com/edgecortix-demonstrates-edge-ai-platform-readiness-with-u-s-air-force/?utm_source=rss&utm_medium=rss&utm_campaign=edgecortix-demonstrates-edge-ai-platform-readiness-with-u-s-air-force,"Tue, 30 Jun 2026 18:17:33 +0000","<p>Successful benchmarking, radiation validation, and in-flight demonstrations validate EdgeCortix's AI platform for next-generation defense and aerospace deployments.</p>
<p>The post <a href=""https://www.semiconductor-digest.com/edgecortix-demonstrates-edge-ai-platform-readiness-with-u-s-air-force/"">EdgeCortix Demonstrates Edge AI Platform Readiness with U.S. Air Force</a> appeared first on <a href=""https://www.semiconductor-digest.com"">Semiconductor Digest</a>.</p>",2026-07-24T19:37:46.254214
SemiconductorDigest,Omdia: AR Display Growth Drives Near-Eye Display Market to $675M in 2026,https://www.semiconductor-digest.com/omdia-ar-display-growth-drives-near-eye-display-market-to-675m-in-2026/?utm_source=rss&utm_medium=rss&utm_campaign=omdia-ar-display-growth-drives-near-eye-display-market-to-675m-in-2026,"Tue, 30 Jun 2026 18:04:40 +0000","<p>After a sharp contraction in 2025, near-eye display market revenue is forecast to reach $675 million in 2026, up 12% year-over-year (YoY), according to Omdia’s latest VR, AR, XR Near Eye Displays – 2026 Analysis.</p>
<p>The post <a href=""https://www.semiconductor-digest.com/omdia-ar-display-growth-drives-near-eye-display-market-to-675m-in-2026/"">Omdia: AR Display Growth Drives Near-Eye Display Market to $675M in 2026</a> appeared first on <a href=""https://www.semiconductor-digest.com"">Semiconductor Digest</a>.</p>",2026-07-24T19:37:46.254216
SemiconductorDigest,Silicon Catalyst Announces Brain-CA as Newest Company in Semiconductor Accelerator,https://www.semiconductor-digest.com/silicon-catalyst-announces-brain-ca-as-newest-company-in-semiconductor-accelerator/?utm_source=rss&utm_medium=rss&utm_campaign=silicon-catalyst-announces-brain-ca-as-newest-company-in-semiconductor-accelerator,"Tue, 30 Jun 2026 17:49:28 +0000","<p>Brain-CA Technologies, a deep tech startup, has recently been admitted into Silicon Catalyst's highly acclaimed program for the semiconductor industry. </p>
<p>The post <a href=""https://www.semiconductor-digest.com/silicon-catalyst-announces-brain-ca-as-newest-company-in-semiconductor-accelerator/"">Silicon Catalyst Announces Brain-CA as Newest Company in Semiconductor Accelerator</a> appeared first on <a href=""https://www.semiconductor-digest.com"">Semiconductor Digest</a>.</p>",2026-07-24T19:37:46.254218
SemiconductorDigest,HANMI Semiconductor Launches ‘2.5D TC Bonder 40’ for AI System Semiconductors,https://www.semiconductor-digest.com/hanmi-semiconductor-launches-2-5d-tc-bonder-40-for-ai-system-semiconductors/?utm_source=rss&utm_medium=rss&utm_campaign=hanmi-semiconductor-launches-2-5d-tc-bonder-40-for-ai-system-semiconductors,"Tue, 30 Jun 2026 17:46:04 +0000","<p>HANMI Semiconductor today announced the launch of “2.5D TC Bonder 40,” which supports 2.5D packaging for AI system semiconductors and will be supplied to global foundries and OSAT companies.</p>
<p>The post <a href=""https://www.semiconductor-digest.com/hanmi-semiconductor-launches-2-5d-tc-bonder-40-for-ai-system-semiconductors/"">HANMI Semiconductor Launches &#8216;2.5D TC Bonder 40&#8217; for AI System Semiconductors</a> appeared first on <a href=""https://www.semiconductor-digest.com"">Semiconductor Digest</a>.</p>",2026-07-24T19:37:46.254219
SemiconductorDigest,Keysight and WIN Semiconductors Collaborate to Cut Design Risk for High Frequency RF Components,https://www.semiconductor-digest.com/keysight-and-win-semiconductors-collaborate-to-cut-design-risk-for-high-frequency-rf-components/?utm_source=rss&utm_medium=rss&utm_campaign=keysight-and-win-semiconductors-collaborate-to-cut-design-risk-for-high-frequency-rf-components,"Tue, 30 Jun 2026 17:41:44 +0000","<p>Keysight Technologies, Inc. and WIN Semiconductors Corp. today announced a joint MMIC design workflow that enables GaN MMIC design houses to achieve first pass tapeout success.</p>
<p>The post <a href=""https://www.semiconductor-digest.com/keysight-and-win-semiconductors-collaborate-to-cut-design-risk-for-high-frequency-rf-components/"">Keysight and WIN Semiconductors Collaborate to Cut Design Risk for High Frequency RF Components</a> appeared first on <a href=""https://www.semiconductor-digest.com"">Semiconductor Digest</a>.</p>",2026-07-24T19:37:46.254221
SemiconductorDigest,Disorder Creates New Properties in Compound Semiconductors,https://www.semiconductor-digest.com/disorder-creates-new-properties-in-compound-semiconductors/?utm_source=rss&utm_medium=rss&utm_campaign=disorder-creates-new-properties-in-compound-semiconductors,"Mon, 29 Jun 2026 20:05:12 +0000","<p>New optoelectronical or photocatalytical devices by ""disorder engineering"".</p>
<p>The post <a href=""https://www.semiconductor-digest.com/disorder-creates-new-properties-in-compound-semiconductors/"">Disorder Creates New Properties in Compound Semiconductors</a> appeared first on <a href=""https://www.semiconductor-digest.com"">Semiconductor Digest</a>.</p>",2026-07-24T19:37:46.254223
SemiconductorDigest,"VanEck Launches SMHC, Offering Pure-Play Access to China’s Semiconductor Build-Out",https://www.semiconductor-digest.com/vaneck-launches-smhc-offering-pure-play-access-to-chinas-semiconductor-build-out/?utm_source=rss&utm_medium=rss&utm_campaign=vaneck-launches-smhc-offering-pure-play-access-to-chinas-semiconductor-build-out,"Mon, 29 Jun 2026 19:58:19 +0000","<p>VanEck today launched the VanEck China Semiconductor ETF (Nasdaq: SMHC), a strategy designed to give investors pure-play exposure to China's domestic semiconductor industry.</p>
<p>The post <a href=""https://www.semiconductor-digest.com/vaneck-launches-smhc-offering-pure-play-access-to-chinas-semiconductor-build-out/"">VanEck Launches SMHC, Offering Pure-Play Access to China&#8217;s Semiconductor Build-Out</a> appeared first on <a href=""https://www.semiconductor-digest.com"">Semiconductor Digest</a>.</p>",2026-07-24T19:37:46.254225
SemiconductorDigest,SEMI Projects 300mm Memory Equipment Investment to Surpass $50 Billion in 2026,https://www.semiconductor-digest.com/semi-projects-300mm-memory-equipment-investment-to-surpass-50-billion-in-2026/?utm_source=rss&utm_medium=rss&utm_campaign=semi-projects-300mm-memory-equipment-investment-to-surpass-50-billion-in-2026,"Mon, 29 Jun 2026 19:44:13 +0000","<p>Worldwide 300mm fab equipment investment in the memory sector is projected to surpass $50 billion for the first time in 2026, rising 29% to $52 billion before increasing another 11% to $57 billion in 2027, SEMI reported today in its latest 300mm Fab Outlook.</p>
<p>The post <a href=""https://www.semiconductor-digest.com/semi-projects-300mm-memory-equipment-investment-to-surpass-50-billion-in-2026/"">SEMI Projects 300mm Memory Equipment Investment to Surpass $50 Billion in 2026</a> appeared first on <a href=""https://www.semiconductor-digest.com"">Semiconductor Digest</a>.</p>",2026-07-24T19:37:46.254227
SemiconductorDigest,Tema ETFs and SemiAnalysis Launch Exclusive Semiconductor ETF Partnership,https://www.semiconductor-digest.com/tema-etfs-and-semianalysis-launch-exclusive-semiconductor-etf-partnership/?utm_source=rss&utm_medium=rss&utm_campaign=tema-etfs-and-semianalysis-launch-exclusive-semiconductor-etf-partnership,"Mon, 29 Jun 2026 19:30:57 +0000","<p>Pairs industry-leading semiconductor and AI infrastructure expertise with rapidly expanding ETF platform.</p>
<p>The post <a href=""https://www.semiconductor-digest.com/tema-etfs-and-semianalysis-launch-exclusive-semiconductor-etf-partnership/"">Tema ETFs and SemiAnalysis Launch Exclusive Semiconductor ETF Partnership</a> appeared first on <a href=""https://www.semiconductor-digest.com"">Semiconductor Digest</a>.</p>",2026-07-24T19:37:46.254229
SemiconductorDigest,Wooptix Installs First Phemet Metrology System at CEA-Leti,https://www.semiconductor-digest.com/wooptix-installs-first-phemet-metrology-system-at-cea-leti/?utm_source=rss&utm_medium=rss&utm_campaign=wooptix-installs-first-phemet-metrology-system-at-cea-leti,"Mon, 29 Jun 2026 19:17:25 +0000","<p>Represents Wooptix’s first production deployment and establishes long-term collaboration with one of the world’s leading semiconductor R&#038;D ecosystems.</p>
<p>The post <a href=""https://www.semiconductor-digest.com/wooptix-installs-first-phemet-metrology-system-at-cea-leti/"">Wooptix Installs First Phemet Metrology System at CEA-Leti</a> appeared first on <a href=""https://www.semiconductor-digest.com"">Semiconductor Digest</a>.</p>",2026-07-24T19:37:46.254231
SemiconductorDigest,I-Pulse Signs Definitive Agreement with the U.S. Department of Commerce for $250 Million CHIPS R&D Award,https://www.semiconductor-digest.com/i-pulse-signs-definitive-agreement-with-the-u-s-department-of-commerce-for-250-million-chips-rd-award/?utm_source=rss&utm_medium=rss&utm_campaign=i-pulse-signs-definitive-agreement-with-the-u-s-department-of-commerce-for-250-million-chips-rd-award,"Fri, 26 Jun 2026 19:31:41 +0000","<p>I-Pulse Co-founders Robert Friedland, CEO, and Laurent Frescaline, CTO, announced today a definitive agreement with the U.S. Department of Commerce’s CHIPS Research and Development Office for a $250 million award for the further development of I-Pulse’s proprietary semiconductor and pulsed power technology.</p>
<p>The post <a href=""https://www.semiconductor-digest.com/i-pulse-signs-definitive-agreement-with-the-u-s-department-of-commerce-for-250-million-chips-rd-award/"">I-Pulse Signs Definitive Agreement with the U.S. Department of Commerce for $250 Million CHIPS R&#038;D Award</a> appeared first on <a href=""https://www.semiconductor-digest.com"">Semiconductor Digest</a>.</p>",2026-07-24T19:37:46.254232
SemiconductorDigest,xLight Appoints Dr. Thomas Caulfield to Board of Directors,https://www.semiconductor-digest.com/xlight-appoints-dr-thomas-caulfield-to-board-of-directors/?utm_source=rss&utm_medium=rss&utm_campaign=xlight-appoints-dr-thomas-caulfield-to-board-of-directors,"Fri, 26 Jun 2026 19:11:58 +0000","<p>xLight today announced Dr. Thomas Caulfield – a renowned semiconductor industry leader and the Executive Chairman of the Board of GlobalFoundries (GF) – has joined the xLight Board of Directors.</p>
<p>The post <a href=""https://www.semiconductor-digest.com/xlight-appoints-dr-thomas-caulfield-to-board-of-directors/"">xLight Appoints Dr. Thomas Caulfield to Board of Directors</a> appeared first on <a href=""https://www.semiconductor-digest.com"">Semiconductor Digest</a>.</p>",2026-07-24T19:37:46.254234
SemiconductorDigest,Lattice Wins 2026 AI Breakthrough Award,https://www.semiconductor-digest.com/lattice-wins-2026-ai-breakthrough-award/?utm_source=rss&utm_medium=rss&utm_campaign=lattice-wins-2026-ai-breakthrough-award,"Fri, 26 Jun 2026 19:09:45 +0000","<p>Lattice Semiconductor, the low power programmable leader, today announced that its Lattice sensAI solution stack was named “AI Edge Solution of the Year” by the 2026 AI Breakthrough Awards.</p>
<p>The post <a href=""https://www.semiconductor-digest.com/lattice-wins-2026-ai-breakthrough-award/"">Lattice Wins 2026 AI Breakthrough Award</a> appeared first on <a href=""https://www.semiconductor-digest.com"">Semiconductor Digest</a>.</p>",2026-07-24T19:37:46.254236
SemiconductorDigest,Reed Semiconductor Announces Completion of $100 Million Funding Round,https://www.semiconductor-digest.com/reed-semiconductor-announces-completion-of-100-million-funding-round/?utm_source=rss&utm_medium=rss&utm_campaign=reed-semiconductor-announces-completion-of-100-million-funding-round,"Fri, 26 Jun 2026 19:06:47 +0000","<p>Reed Semiconductor today announced the completion of an upsized, oversubscribed $100 million funding round with participation from a number of leading global semiconductor companies.</p>
<p>The post <a href=""https://www.semiconductor-digest.com/reed-semiconductor-announces-completion-of-100-million-funding-round/"">Reed Semiconductor Announces Completion of $100 Million Funding Round</a> appeared first on <a href=""https://www.semiconductor-digest.com"">Semiconductor Digest</a>.</p>",2026-07-24T19:37:46.254238
SemiconductorDigest,"ClassOne Technology Secures Record Solstice S8 Orders from Applied Optoelectronics, Highlighting Rapid Scale-up of Photonics for AI Datacenters",https://www.semiconductor-digest.com/classone-technology-secures-record-solstice-s8-orders-from-applied-optoelectronics-highlighting-rapid-scale-up-of-photonics-for-ai-datacenters/?utm_source=rss&utm_medium=rss&utm_campaign=classone-technology-secures-record-solstice-s8-orders-from-applied-optoelectronics-highlighting-rapid-scale-up-of-photonics-for-ai-datacenters,"Fri, 26 Jun 2026 18:52:49 +0000","<p>Multiple follow-on orders position ClassOne at forefront of high-volume 6-inch InP photonics manufacturing as optical interconnect demand accelerates.</p>
<p>The post <a href=""https://www.semiconductor-digest.com/classone-technology-secures-record-solstice-s8-orders-from-applied-optoelectronics-highlighting-rapid-scale-up-of-photonics-for-ai-datacenters/"">ClassOne Technology Secures Record Solstice S8 Orders from Applied Optoelectronics, Highlighting Rapid Scale-up of Photonics for AI Datacenters</a> appeared first on <a href=""https://www.semiconductor-digest.com"">Semiconductor Digest</a>.</p>",2026-07-24T19:37:46.254240
SemiconductorDigest,Arteris Technology Licensed by SiEngine for Next-Generation Automotive SoCs,https://www.semiconductor-digest.com/arteris-technology-licensed-by-siengine-for-next-generation-automotive-socs/?utm_source=rss&utm_medium=rss&utm_campaign=arteris-technology-licensed-by-siengine-for-next-generation-automotive-socs,"Fri, 26 Jun 2026 18:50:31 +0000","<p>Arteris, Inc., a provider of semiconductor technology for accelerating innovation in the AI era, today announced that SiEngine Technology has licensed Arteris FlexNoC network-on-chip (NoC) interconnect IP for its next-generation automotive SoC platform, which specializes in intelligent cockpit, advanced driver assistance applications, and AI cockpit-drive fusion solution.</p>
<p>The post <a href=""https://www.semiconductor-digest.com/arteris-technology-licensed-by-siengine-for-next-generation-automotive-socs/"">Arteris Technology Licensed by SiEngine for Next-Generation Automotive SoCs</a> appeared first on <a href=""https://www.semiconductor-digest.com"">Semiconductor Digest</a>.</p>",2026-07-24T19:37:46.254241
SemiconductorDigest,HANMI Semiconductor Launches FC Bonder 3.5 for AI System Semiconductors,https://www.semiconductor-digest.com/hanmi-semiconductor-launches-fc-bonder-3-5-for-ai-system-semiconductors/?utm_source=rss&utm_medium=rss&utm_campaign=hanmi-semiconductor-launches-fc-bonder-3-5-for-ai-system-semiconductors,"Fri, 26 Jun 2026 18:47:52 +0000","<p>HANMI Semiconductor today announced the launch of its new “Flip Chip (FC) Bonder 3.5” for AI system and logic semiconductor packaging, which it will supply to global foundries and OSAT companies.</p>
<p>The post <a href=""https://www.semiconductor-digest.com/hanmi-semiconductor-launches-fc-bonder-3-5-for-ai-system-semiconductors/"">HANMI Semiconductor Launches FC Bonder 3.5 for AI System Semiconductors</a> appeared first on <a href=""https://www.semiconductor-digest.com"">Semiconductor Digest</a>.</p>",2026-07-24T19:37:46.254243
SemiconductorDigest,Nearfield Instruments Secures $380M Series D Funding in Largest Ever Deep-Tech Funding Round in The Netherlands,https://www.semiconductor-digest.com/nearfield-instruments-secures-380m-series-d-funding-in-largest-ever-deep-tech-funding-round-in-the-netherlands/?utm_source=rss&utm_medium=rss&utm_campaign=nearfield-instruments-secures-380m-series-d-funding-in-largest-ever-deep-tech-funding-round-in-the-netherlands,"Thu, 25 Jun 2026 20:21:24 +0000","<p>Nearfield Instruments today announced the successful closure of a $380 million Series-D funding round.</p>
<p>The post <a href=""https://www.semiconductor-digest.com/nearfield-instruments-secures-380m-series-d-funding-in-largest-ever-deep-tech-funding-round-in-the-netherlands/"">Nearfield Instruments Secures $380M Series D Funding in Largest Ever Deep-Tech Funding Round in The Netherlands</a> appeared first on <a href=""https://www.semiconductor-digest.com"">Semiconductor Digest</a>.</p>",2026-07-24T19:37:46.254245
SemiconductorDigest,Silicon Meets Reality: Why Physics Is Now a First-Order Design Constraint for Chips,https://www.semiconductor-digest.com/silicon-meets-reality-why-physics-is-now-a-first-order-design-constraint-for-chips/?utm_source=rss&utm_medium=rss&utm_campaign=silicon-meets-reality-why-physics-is-now-a-first-order-design-constraint-for-chips,"Thu, 25 Jun 2026 13:37:17 +0000","<p>As chip density increases and advanced packaging pushes designs into three dimensions, the physics that engineers once treated as secondary concerns have moved to the center of the design problem.</p>
<p>The post <a href=""https://www.semiconductor-digest.com/silicon-meets-reality-why-physics-is-now-a-first-order-design-constraint-for-chips/"">Silicon Meets Reality: Why Physics Is Now a First-Order Design Constraint for Chips</a> appeared first on <a href=""https://www.semiconductor-digest.com"">Semiconductor Digest</a>.</p>",2026-07-24T19:37:46.254246
SemiconductorDigest,Applied Materials Introduces New Systems to Accelerate DRAM and Advanced Packaging for AI Chips,https://www.semiconductor-digest.com/applied-materials-introduces-new-systems-to-accelerate-dram-and-advanced-packaging-for-ai-chips/?utm_source=rss&utm_medium=rss&utm_campaign=applied-materials-introduces-new-systems-to-accelerate-dram-and-advanced-packaging-for-ai-chips,"Thu, 25 Jun 2026 13:30:50 +0000","<p>Six new tools span epitaxy, CMP, deposition, and eBeam metrology — targeting the process challenges that most directly limit HBM yield and 3D stacking reliability.</p>
<p>The post <a href=""https://www.semiconductor-digest.com/applied-materials-introduces-new-systems-to-accelerate-dram-and-advanced-packaging-for-ai-chips/"">Applied Materials Introduces New Systems to Accelerate DRAM and Advanced Packaging for AI Chips</a> appeared first on <a href=""https://www.semiconductor-digest.com"">Semiconductor Digest</a>.</p>",2026-07-24T19:37:46.254248
SemiconductorDigest,IBM Unveils World’s First Sub-1 Nanometer Chip Technology with New NanoStack Architecture,https://www.semiconductor-digest.com/ibm-unveils-worlds-first-sub-1-nanometer-chip-technology-with-new-nanostack-architecture/?utm_source=rss&utm_medium=rss&utm_campaign=ibm-unveils-worlds-first-sub-1-nanometer-chip-technology-with-new-nanostack-architecture,"Thu, 25 Jun 2026 10:00:00 +0000","<p>IBM has announced the world's first sub-1 nanometer chip technology, built on a fundamentally new transistor architecture the company calls NanoStack. </p>
<p>The post <a href=""https://www.semiconductor-digest.com/ibm-unveils-worlds-first-sub-1-nanometer-chip-technology-with-new-nanostack-architecture/"">IBM Unveils World&#8217;s First Sub-1 Nanometer Chip Technology with New NanoStack Architecture</a> appeared first on <a href=""https://www.semiconductor-digest.com"">Semiconductor Digest</a>.</p>",2026-07-24T19:37:46.254250
SemiconductorDigest,"ATLANT 3D, A*STAR IMRE and NAMIC Sign MoU to Advance AI-Driven Materials Discovery in Singapore",https://www.semiconductor-digest.com/atlant-3d-astar-imre-and-namic-sign-mou-to-advance-ai-driven-materials-discovery-in-singapore/?utm_source=rss&utm_medium=rss&utm_campaign=atlant-3d-astar-imre-and-namic-sign-mou-to-advance-ai-driven-materials-discovery-in-singapore,"Wed, 24 Jun 2026 21:22:34 +0000","<p>The partnership aims to combine ATLANT 3D's proprietary Direct Atomic Layer Processing technology with A*STAR IMRE's materials engineering expertise and NAMIC's additive manufacturing and ecosystem development capabilities.</p>
<p>The post <a href=""https://www.semiconductor-digest.com/atlant-3d-astar-imre-and-namic-sign-mou-to-advance-ai-driven-materials-discovery-in-singapore/"">ATLANT 3D, A*STAR IMRE and NAMIC Sign MoU to Advance AI-Driven Materials Discovery in Singapore</a> appeared first on <a href=""https://www.semiconductor-digest.com"">Semiconductor Digest</a>.</p>",2026-07-24T19:37:46.254252
SemiconductorDigest,SPHERE AX Partners with U.S. AI Semiconductor Company Blaize at the National Assembly,https://www.semiconductor-digest.com/sphere-ax-partners-with-u-s-ai-semiconductor-company-blaize-at-the-national-assembly/?utm_source=rss&utm_medium=rss&utm_campaign=sphere-ax-partners-with-u-s-ai-semiconductor-company-blaize-at-the-national-assembly,"Wed, 24 Jun 2026 21:20:39 +0000","<p>SPHERE AX (CEO: Yunha Park), a company specializing in Vision AI and Edge AI Computing, announced that it signed a strategic memorandum of understanding (MOU) with Blaize Holdings, Inc..</p>
<p>The post <a href=""https://www.semiconductor-digest.com/sphere-ax-partners-with-u-s-ai-semiconductor-company-blaize-at-the-national-assembly/"">SPHERE AX Partners with U.S. AI Semiconductor Company Blaize at the National Assembly</a> appeared first on <a href=""https://www.semiconductor-digest.com"">Semiconductor Digest</a>.</p>",2026-07-24T19:37:46.254253
SemiconductorDigest,European Semiconductor Firms Seek Integrated Ecosystems,https://www.semiconductor-digest.com/european-semiconductor-firms-seek-integrated-ecosystems/?utm_source=rss&utm_medium=rss&utm_campaign=european-semiconductor-firms-seek-integrated-ecosystems,"Wed, 24 Jun 2026 21:18:02 +0000","<p>Sovereignty goals, supply chain pressures and AI-driven operations are accelerating demand for end-to-end semiconductor partnerships, ISG Provider Lens report says.</p>
<p>The post <a href=""https://www.semiconductor-digest.com/european-semiconductor-firms-seek-integrated-ecosystems/"">European Semiconductor Firms Seek Integrated Ecosystems</a> appeared first on <a href=""https://www.semiconductor-digest.com"">Semiconductor Digest</a>.</p>",2026-07-24T19:37:46.254255
SemiconductorDigest,Qualcomm to Acquire Modular,https://www.semiconductor-digest.com/qualcomm-to-acquire-modular/?utm_source=rss&utm_medium=rss&utm_campaign=qualcomm-to-acquire-modular,"Wed, 24 Jun 2026 21:13:55 +0000","<p>Qualcomm Incorporated today announced that it has reached an agreement to acquire Modular Inc, strengthening Qualcomm Technologies, Inc.’s software foundation for generative and agentic AI across data center and edge environments.</p>
<p>The post <a href=""https://www.semiconductor-digest.com/qualcomm-to-acquire-modular/"">Qualcomm to Acquire Modular</a> appeared first on <a href=""https://www.semiconductor-digest.com"">Semiconductor Digest</a>.</p>",2026-07-24T19:37:46.254257
SemiconductorDigest,ChipAgents and AWS Partner to Advance AI-Powered Semiconductor Engineering,https://www.semiconductor-digest.com/chipagents-and-aws-partner-to-advance-ai-powered-semiconductor-engineering/?utm_source=rss&utm_medium=rss&utm_campaign=chipagents-and-aws-partner-to-advance-ai-powered-semiconductor-engineering,"Wed, 24 Jun 2026 21:11:20 +0000","<p>Agentic AI platform helps semiconductor companies accelerate design, verification, and debugging workflows while reducing engineering bottlenecks.</p>
<p>The post <a href=""https://www.semiconductor-digest.com/chipagents-and-aws-partner-to-advance-ai-powered-semiconductor-engineering/"">ChipAgents and AWS Partner to Advance AI-Powered Semiconductor Engineering</a> appeared first on <a href=""https://www.semiconductor-digest.com"">Semiconductor Digest</a>.</p>",2026-07-24T19:37:46.254258
SemiconductorDigest,SEMICON West 2026 to Spotlight Key Innovations and Market Drivers Powering the Semiconductor Industry Beyond $1 Trillion,https://www.semiconductor-digest.com/semicon-west-2026-to-spotlight-key-innovations-and-market-drivers-powering-the-semiconductor-industry-beyond-1-trillion/?utm_source=rss&utm_medium=rss&utm_campaign=semicon-west-2026-to-spotlight-key-innovations-and-market-drivers-powering-the-semiconductor-industry-beyond-1-trillion,"Tue, 23 Jun 2026 20:54:15 +0000","<p>SEMI, the industry association serving the global semiconductor and electronics design and manufacturing supply chain, today announced this year’s SEMICON West will be held October 13-15 at Moscone Center in San Francisco.</p>
<p>The post <a href=""https://www.semiconductor-digest.com/semicon-west-2026-to-spotlight-key-innovations-and-market-drivers-powering-the-semiconductor-industry-beyond-1-trillion/"">SEMICON West 2026 to Spotlight Key Innovations and Market Drivers Powering the Semiconductor Industry Beyond $1 Trillion</a> appeared first on <a href=""https://www.semiconductor-digest.com"">Semiconductor Digest</a>.</p>",2026-07-24T19:37:46.254260
SemiconductorDigest,AlpSemi Raises €17 Million to Scale Next-Generation Solid-State Circuit Breaker Power Switches for Buildings and AI Data Centers,https://www.semiconductor-digest.com/alpsemi-raises-e17-million-to-scale-next-generation-solid-state-circuit-breaker-power-switches-for-buildings-and-ai-data-centers/?utm_source=rss&utm_medium=rss&utm_campaign=alpsemi-raises-e17-million-to-scale-next-generation-solid-state-circuit-breaker-power-switches-for-buildings-and-ai-data-centers,"Tue, 23 Jun 2026 20:41:29 +0000","<p>Backed by leading industry investors, AlpSemi is advancing an integrated semiconductor platform designed to transform intelligent power protection in global markets.</p>
<p>The post <a href=""https://www.semiconductor-digest.com/alpsemi-raises-e17-million-to-scale-next-generation-solid-state-circuit-breaker-power-switches-for-buildings-and-ai-data-centers/"">AlpSemi Raises €17 Million to Scale Next-Generation Solid-State Circuit Breaker Power Switches for Buildings and AI Data Centers</a> appeared first on <a href=""https://www.semiconductor-digest.com"">Semiconductor Digest</a>.</p>",2026-07-24T19:37:46.254262
SemiconductorDigest,IEEE International Electron Devices Meeting Announces 2026 Call for Papers,https://www.semiconductor-digest.com/ieee-international-electron-devices-meeting-announces-2026-call-for-papers/?utm_source=rss&utm_medium=rss&utm_campaign=ieee-international-electron-devices-meeting-announces-2026-call-for-papers,"Tue, 23 Jun 2026 20:36:51 +0000","<p>The 72nd annual IEEE International Electron Devices Meeting (IEDM) has issued a Call for Papers seeking original work by the semiconductor industry’s leading researchers in all areas of microelectronics technology, representing the theme “Devices at the Heart of the Intelligence Revolution.”</p>
<p>The post <a href=""https://www.semiconductor-digest.com/ieee-international-electron-devices-meeting-announces-2026-call-for-papers/"">IEEE International Electron Devices Meeting Announces 2026 Call for Papers</a> appeared first on <a href=""https://www.semiconductor-digest.com"">Semiconductor Digest</a>.</p>",2026-07-24T19:37:46.254264
SemiconductorDigest,"Why the Future of Photonics Depends on Foundries, Packaging, and Scale",https://www.semiconductor-digest.com/why-the-future-of-photonics-depends-on-foundries-packaging-and-scale/?utm_source=rss&utm_medium=rss&utm_campaign=why-the-future-of-photonics-depends-on-foundries-packaging-and-scale,"Tue, 23 Jun 2026 11:59:00 +0000","<p>The potential of photonic integrated circuits can only be fully realized through advances in foundry infrastructure, advanced packaging integration, and volume manufacturing scale — making ecosystem maturity as important as design innovation. </p>
<p>The post <a href=""https://www.semiconductor-digest.com/why-the-future-of-photonics-depends-on-foundries-packaging-and-scale/"">Why the Future of Photonics Depends on Foundries, Packaging, and Scale</a> appeared first on <a href=""https://www.semiconductor-digest.com"">Semiconductor Digest</a>.</p>",2026-07-24T19:37:46.254265
SemiconductorDigest,Addressing Liquid Cooling Gaps in AI Data Centers,https://www.semiconductor-digest.com/addressing-liquid-cooling-gaps-in-ai-data-centers/?utm_source=rss&utm_medium=rss&utm_campaign=addressing-liquid-cooling-gaps-in-ai-data-centers,"Tue, 23 Jun 2026 11:59:00 +0000","<p>AI server power densities have overwhelmed conventional air cooling, yet current liquid cooling deployments leave critical thermal management gaps that must be addressed to ensure reliable operation in high-density AI data centers. </p>
<p>The post <a href=""https://www.semiconductor-digest.com/addressing-liquid-cooling-gaps-in-ai-data-centers/"">Addressing Liquid Cooling Gaps in AI Data Centers</a> appeared first on <a href=""https://www.semiconductor-digest.com"">Semiconductor Digest</a>.</p>",2026-07-24T19:37:46.254267
GoogleNews_FabCapacity,Sanitary Sealant Market Forecast 2026-2035: Growth Driven by Electronics and Semiconductor Demand - News and Statistics - IndexBox,https://news.google.com/rss/articles/CBMi3gFBVV95cUxOcHdPdWJXMldaMm8wX1RneGlUcGRRU0lIaUFwWDJSU1ZYdzFQQnFGaG5Nd21UWEZRLUJCakFicGJJZTFheVUwb3BwVXV0TmJ6TV9RYVlGUE1ZU2ZTRzZoNS1SQ0dBLU4xeWJNTnZodm1pazZLdFI2M0UwQVZvRkEwZWs3Y0syUEVpZ1hCZTZMUU9lMmRzWnM5dFFfTk5iNEVSVlZxX1ZjdWN3NVB2ZnRXZW12dnVrVzBTZTZIb0U3Zk82ZEVSNzRtNEYzdzNBaXVSbVByLUhfMFJyMnhmNHc?oc=5,"Fri, 24 Jul 2026 03:11:13 GMT","<a href=""https://news.google.com/rss/articles/CBMi3gFBVV95cUxOcHdPdWJXMldaMm8wX1RneGlUcGRRU0lIaUFwWDJSU1ZYdzFQQnFGaG5Nd21UWEZRLUJCakFicGJJZTFheVUwb3BwVXV0TmJ6TV9RYVlGUE1ZU2ZTRzZoNS1SQ0dBLU4xeWJNTnZodm1pazZLdFI2M0UwQVZvRkEwZWs3Y0syUEVpZ1hCZTZMUU9lMmRzWnM5dFFfTk5iNEVSVlZxX1ZjdWN3NVB2ZnRXZW12dnVrVzBTZTZIb0U3Zk82ZEVSNzRtNEYzdzNBaXVSbVByLUhfMFJyMnhmNHc?oc=5"" target=""_blank"">Sanitary Sealant Market Forecast 2026-2035: Growth Driven by Electronics and Semiconductor Demand - News and Statistics</a>&nbsp;&nbsp;<font color=""#6f6f6f"">IndexBox</font>",2026-07-24T19:37:46.739095
GoogleNews_FabCapacity,TSMC accelerates Arizona fab expansion with additional $100bn investment - Cleanroom Technology,https://news.google.com/rss/articles/CBMimwFBVV95cUxPUFpDRWxsV1dhRENweVlTWHFaZXNVU1h1ZFJXZFl2Ym1SUk9xTFN6bnBoTXZDa0lqYXFPYkhNRkx3WEs3NkpIZk10Y1lNVXJWejNXM2oyOE1UNVJtMURld2FYN1Nhbk5MN3RvWkZaeG54WlU5cEVCSU9sdUJYcmtBdUs5NHpNNHZDcEJRVzgwRGwzVHN0ZFRwNmxpVQ?oc=5,"Wed, 22 Jul 2026 09:12:11 GMT","<a href=""https://news.google.com/rss/articles/CBMimwFBVV95cUxPUFpDRWxsV1dhRENweVlTWHFaZXNVU1h1ZFJXZFl2Ym1SUk9xTFN6bnBoTXZDa0lqYXFPYkhNRkx3WEs3NkpIZk10Y1lNVXJWejNXM2oyOE1UNVJtMURld2FYN1Nhbk5MN3RvWkZaeG54WlU5cEVCSU9sdUJYcmtBdUs5NHpNNHZDcEJRVzgwRGwzVHN0ZFRwNmxpVQ?oc=5"" target=""_blank"">TSMC accelerates Arizona fab expansion with additional $100bn investment</a>&nbsp;&nbsp;<font color=""#6f6f6f"">Cleanroom Technology</font>",2026-07-24T19:37:46.739103
GoogleNews_FabCapacity,"TSMC is accelerating Arizona factory build-out to capitalize on AI 'megatrend,' CFO says - CNBC",https://news.google.com/rss/articles/CBMigwFBVV95cUxQd2FWclZGano0cHJOODVWcTdPLWpsQ2RXbzIxYkg4ZDFkd2JkOWRVMS1nWVlnR3c1bURNcFdCUE9sZzIyZUtzSU01V1FUdDZIdWRzbWlJVElCRXNWenUtejRIa2I3X1NrcjFMNEVRWTQ0YVBORFluR0hsTGVIWUpWUkpuONIBiAFBVV95cUxNUkJaNENZWmFKeTlhY3cxV254bVd1MWVLZWYxWEplcWZ0RXNKZWxCaXdzbWxVcld2OGdnMTU3WTRjQXNOLUNBNThIRVpWT1p1QWtPR2M4RTVnY0gyVlN5cVlTbVhTbWt0clBVaVRySF9mSUhaZU5mb1AzMm1jRFdWRmtUYTFjYTdX?oc=5,"Sun, 19 Jul 2026 23:09:49 GMT","<a href=""https://news.google.com/rss/articles/CBMigwFBVV95cUxQd2FWclZGano0cHJOODVWcTdPLWpsQ2RXbzIxYkg4ZDFkd2JkOWRVMS1nWVlnR3c1bURNcFdCUE9sZzIyZUtzSU01V1FUdDZIdWRzbWlJVElCRXNWenUtejRIa2I3X1NrcjFMNEVRWTQ0YVBORFluR0hsTGVIWUpWUkpuONIBiAFBVV95cUxNUkJaNENZWmFKeTlhY3cxV254bVd1MWVLZWYxWEplcWZ0RXNKZWxCaXdzbWxVcld2OGdnMTU3WTRjQXNOLUNBNThIRVpWT1p1QWtPR2M4RTVnY0gyVlN5cVlTbVhTbWt0clBVaVRySF9mSUhaZU5mb1AzMm1jRFdWRmtUYTFjYTdX?oc=5"" target=""_blank"">TSMC is accelerating Arizona factory build-out to capitalize on AI 'megatrend,' CFO says</a>&nbsp;&nbsp;<font color=""#6f6f6f"">CNBC</font>",2026-07-24T19:37:46.739107
GoogleNews_FabCapacity,Taiwan computer chipmaker TSMC pledges another $100 billion to expand US chipmaking capacity - AP News,https://news.google.com/rss/articles/CBMingFBVV95cUxOT2MzZG5oUVN6dDFLX0dtWk5GNXdoakNILXBqRmZsUlQ5NzdEbk1aZTlxcU9xWl9lS1NBLWNwb0JfbWctbUwxeFBKMlNMeVN6UEZmbF95NlRIRVFZbDN2SW9VZjFzUHpTYTljR21GU2xrM1JtRU9ETTFBMnhFeHBQcHRKQzRIV202RWdYZXFmektSalBDckxITVRFeDJNZw?oc=5,"Thu, 16 Jul 2026 16:46:00 GMT","<a href=""https://news.google.com/rss/articles/CBMingFBVV95cUxOT2MzZG5oUVN6dDFLX0dtWk5GNXdoakNILXBqRmZsUlQ5NzdEbk1aZTlxcU9xWl9lS1NBLWNwb0JfbWctbUwxeFBKMlNMeVN6UEZmbF95NlRIRVFZbDN2SW9VZjFzUHpTYTljR21GU2xrM1JtRU9ETTFBMnhFeHBQcHRKQzRIV202RWdYZXFmektSalBDckxITVRFeDJNZw?oc=5"" target=""_blank"">Taiwan computer chipmaker TSMC pledges another $100 billion to expand US chipmaking capacity</a>&nbsp;&nbsp;<font color=""#6f6f6f"">AP News</font>",2026-07-24T19:37:46.739109
GoogleNews_FabCapacity,Tower Semiconductor announces capacity expansion in Japan - Evertiq,https://news.google.com/rss/articles/CBMimAFBVV95cUxOdXlYRVY2UlZfcDItalJnN04xZG5XeGl5VHBZN2YtLUFJSFE3bG1HN1NYbzZFRXBsdmloVDZfTEhiZ0JIa1FETXJRcFg0Mm5MeHFVMFJJS2hLQ19nQml3MWtnelFuR0FBMHZpUEUzUHNnRkhCdnJkSzNoZ3NSTVA1LUNOY095Q2VseW4tLVNJeGlYdlVqdHB2dw?oc=5,"Mon, 20 Jul 2026 11:04:31 GMT","<a href=""https://news.google.com/rss/articles/CBMimAFBVV95cUxOdXlYRVY2UlZfcDItalJnN04xZG5XeGl5VHBZN2YtLUFJSFE3bG1HN1NYbzZFRXBsdmloVDZfTEhiZ0JIa1FETXJRcFg0Mm5MeHFVMFJJS2hLQ19nQml3MWtnelFuR0FBMHZpUEUzUHNnRkhCdnJkSzNoZ3NSTVA1LUNOY095Q2VseW4tLVNJeGlYdlVqdHB2dw?oc=5"" target=""_blank"">Tower Semiconductor announces capacity expansion in Japan</a>&nbsp;&nbsp;<font color=""#6f6f6f"">Evertiq</font>",2026-07-24T19:37:46.739112
GoogleNews_FabCapacity,Infineon Bets Big on Smart Power with New Semiconductor Fab - Electronic Design,https://news.google.com/rss/articles/CBMi7AFBVV95cUxOTFdmaTgtMW41VTBOaENwQllyRXJIekVYV0dTRXlrXzFqNlYwU2R5d0tESVRpLWY4YkRjUkNMWE03d1pyQUpaN2liWTFyczZWc1I2S1NRVWFlU3ZxNG05cFMwd0lmSFQ4QkhlbkFUeE9WTzNCVXZuX3RtNjdaRzh2WS16X21lUGMxX3VLUUdVWkRnaFZiQnV3YjNXSWZ4SUNnT3pzR3ZtQkE1RFF2WjhrVXZRbUcxNHBmZkpmZzdmZ2FDVXc5RS1Pb0JtR1ZIOUVjSWtxWF85OUl2WUIzZmxIZWFwSEkwTG5HQ1hSdQ?oc=5,"Tue, 07 Jul 2026 16:54:27 GMT","<a href=""https://news.google.com/rss/articles/CBMi7AFBVV95cUxOTFdmaTgtMW41VTBOaENwQllyRXJIekVYV0dTRXlrXzFqNlYwU2R5d0tESVRpLWY4YkRjUkNMWE03d1pyQUpaN2liWTFyczZWc1I2S1NRVWFlU3ZxNG05cFMwd0lmSFQ4QkhlbkFUeE9WTzNCVXZuX3RtNjdaRzh2WS16X21lUGMxX3VLUUdVWkRnaFZiQnV3YjNXSWZ4SUNnT3pzR3ZtQkE1RFF2WjhrVXZRbUcxNHBmZkpmZzdmZ2FDVXc5RS1Pb0JtR1ZIOUVjSWtxWF85OUl2WUIzZmxIZWFwSEkwTG5HQ1hSdQ?oc=5"" target=""_blank"">Infineon Bets Big on Smart Power with New Semiconductor Fab</a>&nbsp;&nbsp;<font color=""#6f6f6f"">Electronic Design</font>",2026-07-24T19:37:46.739115
GoogleNews_FabCapacity,Intel Invests €5 Billion to Expand Manufacturing in Europe - Intel Newsroom,https://news.google.com/rss/articles/CBMipgFBVV95cUxNZ0JlclV3V0pVMkc5ZU5vLW5sWVhjMHk3ZTJKNDJnMDRTT1VTMWRvOHdjMnNKNENZcnBFRjh3R0psMmlLR0JzSHU3Mk1ldnNYVUdSdjA3Z1hTelBOTUpVUElmYVJ1cnR0RXdWUFdaU0U0Nm5pZldnN2hTY2NWZ2tkUmpqRk5zVlVUV2NVMFp1M05TM2Y1R1FQWF9jbUhQaG5WSXJ4R0Rn?oc=5,"Mon, 13 Jul 2026 07:00:00 GMT","<a href=""https://news.google.com/rss/articles/CBMipgFBVV95cUxNZ0JlclV3V0pVMkc5ZU5vLW5sWVhjMHk3ZTJKNDJnMDRTT1VTMWRvOHdjMnNKNENZcnBFRjh3R0psMmlLR0JzSHU3Mk1ldnNYVUdSdjA3Z1hTelBOTUpVUElmYVJ1cnR0RXdWUFdaU0U0Nm5pZldnN2hTY2NWZ2tkUmpqRk5zVlVUV2NVMFp1M05TM2Y1R1FQWF9jbUhQaG5WSXJ4R0Rn?oc=5"" target=""_blank"">Intel Invests €5 Billion to Expand Manufacturing in Europe</a>&nbsp;&nbsp;<font color=""#6f6f6f"">Intel Newsroom</font>",2026-07-24T19:37:46.739117
GoogleNews_FabCapacity,Chips Made In The USA Are Making A Comeback. What Investors Should Know. - Investor's Business Daily,https://news.google.com/rss/articles/CBMilgFBVV95cUxQelllV1pfV0ZwcUtmWlUzRnRqcU8tNGVPc1MtZGdIMWlRUTRHUEUweDdYVWFKTkdRcjFDMHE5QS1GSndhamQzV2FCMXlxNEljbDZRaXNsVnlPeWFZM1F0eEpfbnZyOUpVOWZ1emZaUjZ2cjhWdnNOWTJMY2hod3ZtQnExbndtUmYwSnRpYTZqVjAyMmoyMFE?oc=5,"Fri, 10 Jul 2026 07:00:00 GMT","<a href=""https://news.google.com/rss/articles/CBMilgFBVV95cUxQelllV1pfV0ZwcUtmWlUzRnRqcU8tNGVPc1MtZGdIMWlRUTRHUEUweDdYVWFKTkdRcjFDMHE5QS1GSndhamQzV2FCMXlxNEljbDZRaXNsVnlPeWFZM1F0eEpfbnZyOUpVOWZ1emZaUjZ2cjhWdnNOWTJMY2hod3ZtQnExbndtUmYwSnRpYTZqVjAyMmoyMFE?oc=5"" target=""_blank"">Chips Made In The USA Are Making A Comeback. What Investors Should Know.</a>&nbsp;&nbsp;<font color=""#6f6f6f"">Investor's Business Daily</font>",2026-07-24T19:37:46.739120
GoogleNews_FabCapacity,Beyond Semiconductor Capacity: Why Precious Metal Knowledge and Process Expertise Matter - Electronics Media,https://news.google.com/rss/articles/CBMigAFBVV95cUxPemk4eUpuc3dvZGVzS0x2Yk5ibHJ6VmtBaXBPSFh4aEo4TGZEOUNwTUJzZmNsQndsdnptdVF1cnJmeTdUdmNYUjJ4aDBGam4wTnhTa1pTaWFsRS1xcWF0OGREaTNqdXJrWURmR1IyUnk3dmRNZlc3bEFJeTZoQ1Uwcg?oc=5,"Wed, 22 Jul 2026 06:52:25 GMT","<a href=""https://news.google.com/rss/articles/CBMigAFBVV95cUxPemk4eUpuc3dvZGVzS0x2Yk5ibHJ6VmtBaXBPSFh4aEo4TGZEOUNwTUJzZmNsQndsdnptdVF1cnJmeTdUdmNYUjJ4aDBGam4wTnhTa1pTaWFsRS1xcWF0OGREaTNqdXJrWURmR1IyUnk3dmRNZlc3bEFJeTZoQ1Uwcg?oc=5"" target=""_blank"">Beyond Semiconductor Capacity: Why Precious Metal Knowledge and Process Expertise Matter</a>&nbsp;&nbsp;<font color=""#6f6f6f"">Electronics Media</font>",2026-07-24T19:37:46.739122
GoogleNews_FabCapacity,Semiconductors: Etching the new map of strategic supply - McKinsey & Company,https://news.google.com/rss/articles/CBMinAFBVV95cUxQYWFKaXZubnZYd2RLV2x3N3JUb2xyMU1QUFk2SUhHbVZlY2Iyb05kZnlIVVdHaTFsb3VQVHJtU0NzcUhsTWgwLTNlZDhVY1lwdjkzYzZzdk9HaW1RU2k4S2UwTTBPYmkyN1B3ckpmMEEtSm1MQUN0RVJQRDBpRjNNZVRZTHhseHZLS2ppR3o2Y2NZYXh3WExIRWZHdlY?oc=5,"Tue, 30 Jun 2026 07:00:00 GMT","<a href=""https://news.google.com/rss/articles/CBMinAFBVV95cUxQYWFKaXZubnZYd2RLV2x3N3JUb2xyMU1QUFk2SUhHbVZlY2Iyb05kZnlIVVdHaTFsb3VQVHJtU0NzcUhsTWgwLTNlZDhVY1lwdjkzYzZzdk9HaW1RU2k4S2UwTTBPYmkyN1B3ckpmMEEtSm1MQUN0RVJQRDBpRjNNZVRZTHhseHZLS2ppR3o2Y2NZYXh3WExIRWZHdlY?oc=5"" target=""_blank"">Semiconductors: Etching the new map of strategic supply</a>&nbsp;&nbsp;<font color=""#6f6f6f"">McKinsey & Company</font>",2026-07-24T19:37:46.739124
GoogleNews_FabCapacity,"TSMC To Invest Additional $100 Billion In U.S. Semiconductor Manufacturing, Bringing Total To $265 Billion - Pulse 2.0",https://news.google.com/rss/articles/CBMivwFBVV95cUxNenF0WEJoeWV2V1NXOTJzRU1nVDdhcnVtTFJiTmR6VEkxcW5rbFRSdlR5Z29zekpWTnBfZ1ZwM2g3U05TT0NWa0pNYUxvaG95bU02VjRFZlgySEJYNU80bWNfM1N1QjNVVTJoOEJwaTNwbUZWRzUyRUN2SnF2QkdodzdGZXl1MmZOc05iNDRzemYxTk1rbUZfQ18zdUZaNUdyTDBMSWYwLTBQT3VXbGRFVXpNQVNwWi1yRW5EQjlKQdIBxAFBVV95cUxNbnUzdGNrOHpQMnNwZ0FzdHFpUEhZNG5LRWN1RVhVX1I5MnQ0MDVILTQzak1xeVRVSzZsRlIxZHNCeFZGNldLdlAwYUh3Tm9iMUZvSEZNSGVUa3JkdnJ2NVZvVklvRkZyVlNwX2ZQSTlwWjBkb3BaenRyRE1qTzlSN2dFSEluSTlVOVB4WFRBeXNEVmtGaVVTNE5ZVU1BYUU0OTk2SEg3VkdJS21TUy1sa2lQMGxJRXkwajhIOXk5dTJtY3ZK?oc=5,"Thu, 16 Jul 2026 12:20:11 GMT","<a href=""https://news.google.com/rss/articles/CBMivwFBVV95cUxNenF0WEJoeWV2V1NXOTJzRU1nVDdhcnVtTFJiTmR6VEkxcW5rbFRSdlR5Z29zekpWTnBfZ1ZwM2g3U05TT0NWa0pNYUxvaG95bU02VjRFZlgySEJYNU80bWNfM1N1QjNVVTJoOEJwaTNwbUZWRzUyRUN2SnF2QkdodzdGZXl1MmZOc05iNDRzemYxTk1rbUZfQ18zdUZaNUdyTDBMSWYwLTBQT3VXbGRFVXpNQVNwWi1yRW5EQjlKQdIBxAFBVV95cUxNbnUzdGNrOHpQMnNwZ0FzdHFpUEhZNG5LRWN1RVhVX1I5MnQ0MDVILTQzak1xeVRVSzZsRlIxZHNCeFZGNldLdlAwYUh3Tm9iMUZvSEZNSGVUa3JkdnJ2NVZvVklvRkZyVlNwX2ZQSTlwWjBkb3BaenRyRE1qTzlSN2dFSEluSTlVOVB4WFRBeXNEVmtGaVVTNE5ZVU1BYUU0OTk2SEg3VkdJS21TUy1sa2lQMGxJRXkwajhIOXk5dTJtY3ZK?oc=5"" target=""_blank"">TSMC To Invest Additional $100 Billion In U.S. Semiconductor Manufacturing, Bringing Total To $265 Billion</a>&nbsp;&nbsp;<font color=""#6f6f6f"">Pulse 2.0</font>",2026-07-24T19:37:46.739127
GoogleNews_FabCapacity,"Duplex Units Market Forecast Points Higher Toward 2035, Driven by 5G-Advanced and Semiconductor Fab Expansion - IndexBox",https://news.google.com/rss/articles/CBMi1AFBVV95cUxPZTZxTmxKWGZUZFJaX1VUeTMybGlvUWZ3WFhrb0diaHJmX1NZSU5UcXlCbUIyYUFRaDdDWTc5U0JHaW1UZTh2X2J5UUs2MGJlSnhSem5fX2w5Q1pBQjNuRHc2TXZtSU1KNTZXQWEyRlJZei10Y3dHazdJNXM3MUgyeUhJMTZSSXF5MjdzbDhEZWlraUtyM25UU3FiUWtpRzEtMWNjVUpuanNlWEdHdXhNUFE5bXYxLWEzcG9POHBVdGhMOTExdDU1aG5hUVE5U3hVeU5uYQ?oc=5,"Thu, 23 Jul 2026 20:16:13 GMT","<a href=""https://news.google.com/rss/articles/CBMi1AFBVV95cUxPZTZxTmxKWGZUZFJaX1VUeTMybGlvUWZ3WFhrb0diaHJmX1NZSU5UcXlCbUIyYUFRaDdDWTc5U0JHaW1UZTh2X2J5UUs2MGJlSnhSem5fX2w5Q1pBQjNuRHc2TXZtSU1KNTZXQWEyRlJZei10Y3dHazdJNXM3MUgyeUhJMTZSSXF5MjdzbDhEZWlraUtyM25UU3FiUWtpRzEtMWNjVUpuanNlWEdHdXhNUFE5bXYxLWEzcG9POHBVdGhMOTExdDU1aG5hUVE5U3hVeU5uYQ?oc=5"" target=""_blank"">Duplex Units Market Forecast Points Higher Toward 2035, Driven by 5G-Advanced and Semiconductor Fab Expansion</a>&nbsp;&nbsp;<font color=""#6f6f6f"">IndexBox</font>",2026-07-24T19:37:46.739129
GoogleNews_FabCapacity,"Infineon opens €5bn fab in eastern Germany, doubles capacity - gasworld",https://news.google.com/rss/articles/CBMiqwFBVV95cUxNb2l1cE9ZM0l0eFdDU0ZxWEd1UDZ1aDQ1LUZycWQtbDVIZVAwczhxcndEbEVDUmhwR1pSX0t4SmFBcTI3U3hhTzhWZ2tVRGF2MURZeWE0cC1DSDhKTmF5cEppR3l2SGR3OTFpSE9YYmFFZnp5Qk9VZlliQ1doQ01VU0M1M3E1NjM0VF9PdnBVeTBXV1RtT3B6VEZ5R3BTZXlQYmVhckxCc09CTlk?oc=5,"Fri, 03 Jul 2026 07:00:00 GMT","<a href=""https://news.google.com/rss/articles/CBMiqwFBVV95cUxNb2l1cE9ZM0l0eFdDU0ZxWEd1UDZ1aDQ1LUZycWQtbDVIZVAwczhxcndEbEVDUmhwR1pSX0t4SmFBcTI3U3hhTzhWZ2tVRGF2MURZeWE0cC1DSDhKTmF5cEppR3l2SGR3OTFpSE9YYmFFZnp5Qk9VZlliQ1doQ01VU0M1M3E1NjM0VF9PdnBVeTBXV1RtT3B6VEZ5R3BTZXlQYmVhckxCc09CTlk?oc=5"" target=""_blank"">Infineon opens €5bn fab in eastern Germany, doubles capacity</a>&nbsp;&nbsp;<font color=""#6f6f6f"">gasworld</font>",2026-07-24T19:37:46.739132
GoogleNews_FabCapacity,Tower Semiconductor to invest $3 billion in Japan expansion as AI drives demand for optical chips - calcalistech.com,https://news.google.com/rss/articles/CBMiaEFVX3lxTE5ybWs3N3VicWJrZE1NZDNtOEVUZ3pwdnZoYXB5WnFoV19fUTNTX3BraXoxQ0lNYWZLRWQtY3ZMLXFxSFB1NHJFV3JhUG84N3VNeU0yUUpvTjdnTGw0UzVwdFpaZ3hPM0Qw?oc=5,"Tue, 14 Jul 2026 06:43:00 GMT","<a href=""https://news.google.com/rss/articles/CBMiaEFVX3lxTE5ybWs3N3VicWJrZE1NZDNtOEVUZ3pwdnZoYXB5WnFoV19fUTNTX3BraXoxQ0lNYWZLRWQtY3ZMLXFxSFB1NHJFV3JhUG84N3VNeU0yUUpvTjdnTGw0UzVwdFpaZ3hPM0Qw?oc=5"" target=""_blank"">Tower Semiconductor to invest $3 billion in Japan expansion as AI drives demand for optical chips</a>&nbsp;&nbsp;<font color=""#6f6f6f"">calcalistech.com</font>",2026-07-24T19:37:46.739135
GoogleNews_FabCapacity,Semiconductor Manufacturing Is Splitting Into Two Worlds - Dr. Robert Castellano's Semiconductor Deep Dive Newsletter,https://news.google.com/rss/articles/CBMiigFBVV95cUxPLXhhbW5TVUFlWl9INjhmalRyQklqb3MxMVViU2E2alA1d18xcDFJZXhCeGwwaGI4N2UxMXlHLVpXV3d0UXBNSUNfNTV5dWhfZC1uWW16ajBYQ0hER01wc0JQU0pEeXVtcTNacXV1LUo3OUFkMDJ3NkxhNnU4M0dVTGZvTEFzSEwyR2c?oc=5,"Thu, 05 Mar 2026 08:00:00 GMT","<a href=""https://news.google.com/rss/articles/CBMiigFBVV95cUxPLXhhbW5TVUFlWl9INjhmalRyQklqb3MxMVViU2E2alA1d18xcDFJZXhCeGwwaGI4N2UxMXlHLVpXV3d0UXBNSUNfNTV5dWhfZC1uWW16ajBYQ0hER01wc0JQU0pEeXVtcTNacXV1LUo3OUFkMDJ3NkxhNnU4M0dVTGZvTEFzSEwyR2c?oc=5"" target=""_blank"">Semiconductor Manufacturing Is Splitting Into Two Worlds</a>&nbsp;&nbsp;<font color=""#6f6f6f"">Dr. Robert Castellano's Semiconductor Deep Dive Newsletter</font>",2026-07-24T19:37:46.739138
GoogleNews_FabCapacity,Intel invests €5bn to expand Ireland semiconductor facility to be completed in 2027 - Cleanroom Technology,https://news.google.com/rss/articles/CBMilAFBVV95cUxPSUxMX3kyVC1jY1U0MG41QlB1ZV84WG01RHpXMFhLZ0lud2ZINEZSY0IzWm9hMU1Ja2lYUVhVWm9wSFY4cTlJcXhUTFBnemVYTlgtcjdvS1k2VnZXNUJkSUtJcmU5MnhrOGI2NzFRMGJKbTlfN1JxNTlabEVQZmQyRDcxcGhPak5LMVpqdzhRdDhHbnBN?oc=5,"Fri, 17 Jul 2026 15:01:22 GMT","<a href=""https://news.google.com/rss/articles/CBMilAFBVV95cUxPSUxMX3kyVC1jY1U0MG41QlB1ZV84WG01RHpXMFhLZ0lud2ZINEZSY0IzWm9hMU1Ja2lYUVhVWm9wSFY4cTlJcXhUTFBnemVYTlgtcjdvS1k2VnZXNUJkSUtJcmU5MnhrOGI2NzFRMGJKbTlfN1JxNTlabEVQZmQyRDcxcGhPak5LMVpqdzhRdDhHbnBN?oc=5"" target=""_blank"">Intel invests €5bn to expand Ireland semiconductor facility to be completed in 2027</a>&nbsp;&nbsp;<font color=""#6f6f6f"">Cleanroom Technology</font>",2026-07-24T19:37:46.739140
GoogleNews_FabCapacity,"Central Filtration Systems Market Forecast Points Higher Toward 2035, Driven by Semiconductor Fab Expansion - IndexBox",https://news.google.com/rss/articles/CBMi0gFBVV95cUxNNlpSVmQ5Skh6bExJZE12SmFnd0MydldPOGVOMEhPSTMyUWNWcllPMVdVdFJ6eG02a1YtaFBHUFFBaDV3QTJQZnV3QXV0NmtVUGRfRXhDNU95bGRUdmVqaVR0WDlJdkE3VWJXQ2pKT0tXdGtUWjIxbl9TZmx4N3BPTDVrTGFwQmRGaEMxZkRJWnN6OGdCVFU4aDFsYzZiRlBXaUN6T0xkbEhuQnNXanpGUTBHVTg1Z3h3MzhVMW9Ka2ZpUk85ZTQ5bzMtR3VjVWtCa1E?oc=5,"Mon, 20 Jul 2026 23:56:14 GMT","<a href=""https://news.google.com/rss/articles/CBMi0gFBVV95cUxNNlpSVmQ5Skh6bExJZE12SmFnd0MydldPOGVOMEhPSTMyUWNWcllPMVdVdFJ6eG02a1YtaFBHUFFBaDV3QTJQZnV3QXV0NmtVUGRfRXhDNU95bGRUdmVqaVR0WDlJdkE3VWJXQ2pKT0tXdGtUWjIxbl9TZmx4N3BPTDVrTGFwQmRGaEMxZkRJWnN6OGdCVFU4aDFsYzZiRlBXaUN6T0xkbEhuQnNXanpGUTBHVTg1Z3h3MzhVMW9Ka2ZpUk85ZTQ5bzMtR3VjVWtCa1E?oc=5"" target=""_blank"">Central Filtration Systems Market Forecast Points Higher Toward 2035, Driven by Semiconductor Fab Expansion</a>&nbsp;&nbsp;<font color=""#6f6f6f"">IndexBox</font>",2026-07-24T19:37:46.739142
GoogleNews_FabCapacity,"Specialty Valves Market Growth Outlook to 2035: Semiconductor, Automation, and Smart Valve Trends - News and Statistics - IndexBox",https://news.google.com/rss/articles/CBMi5gFBVV95cUxPWEF4YVBSZFgyUEVyUHpHMG8xTXF4emVyekdUNExORlQ4X3Fhb3dzNUNmdzRpaWV1UENEWUJnc2JDUUpnblpEa1RubHJsQ2ozQi01ZUotVVdkR2xIRDFkaU9GMDZRdXRiSFo1SEl6OS1iZDhfb1c1MWFXYWZVTHFXaTNraWhzZU1EOHlTbVFDSlltYWhWV2VKWkJxZmFfNHNpemxfSmU0TGI5QkZvNDFWdUpHUkhxdWtCMmREbG96aE54cTlCN19LcW9wamdTVGJZOGY4NnZ5YzFQVWtYVzllZDhnbGtBdw?oc=5,"Thu, 23 Jul 2026 02:41:13 GMT","<a href=""https://news.google.com/rss/articles/CBMi5gFBVV95cUxPWEF4YVBSZFgyUEVyUHpHMG8xTXF4emVyekdUNExORlQ4X3Fhb3dzNUNmdzRpaWV1UENEWUJnc2JDUUpnblpEa1RubHJsQ2ozQi01ZUotVVdkR2xIRDFkaU9GMDZRdXRiSFo1SEl6OS1iZDhfb1c1MWFXYWZVTHFXaTNraWhzZU1EOHlTbVFDSlltYWhWV2VKWkJxZmFfNHNpemxfSmU0TGI5QkZvNDFWdUpHUkhxdWtCMmREbG96aE54cTlCN19LcW9wamdTVGJZOGY4NnZ5YzFQVWtYVzllZDhnbGtBdw?oc=5"" target=""_blank"">Specialty Valves Market Growth Outlook to 2035: Semiconductor, Automation, and Smart Valve Trends - News and Statistics</a>&nbsp;&nbsp;<font color=""#6f6f6f"">IndexBox</font>",2026-07-24T19:37:46.739145
GoogleNews_FabCapacity,Box Filters Market Growth Driven by Semiconductor Fab Expansion Through 2035 - IndexBox,https://news.google.com/rss/articles/CBMiqgFBVV95cUxQai1aNThOX2hydXp0bnZENVJZM1dFWlByMFVWOWg4VkdrYnZKSlptM2RzQWN2T3k2eW4wbWYtNk5kQUtxVnZMSkxuSS1McnhkdnQxckNSY0tScGN3MVhEd3NwVGNXWnVQM2xGdVFIYkcySnl0VkdaM2ZyZmxPMXhhd3lQekdiaTd2NVB6ZE1DQjZLY3FPQVVhbkFNVEduczd5SG9SNkQzV3RqQQ?oc=5,"Thu, 23 Jul 2026 08:11:13 GMT","<a href=""https://news.google.com/rss/articles/CBMiqgFBVV95cUxQai1aNThOX2hydXp0bnZENVJZM1dFWlByMFVWOWg4VkdrYnZKSlptM2RzQWN2T3k2eW4wbWYtNk5kQUtxVnZMSkxuSS1McnhkdnQxckNSY0tScGN3MVhEd3NwVGNXWnVQM2xGdVFIYkcySnl0VkdaM2ZyZmxPMXhhd3lQekdiaTd2NVB6ZE1DQjZLY3FPQVVhbkFNVEduczd5SG9SNkQzV3RqQQ?oc=5"" target=""_blank"">Box Filters Market Growth Driven by Semiconductor Fab Expansion Through 2035</a>&nbsp;&nbsp;<font color=""#6f6f6f"">IndexBox</font>",2026-07-24T19:37:46.739147
GoogleNews_FabCapacity,World’s largest semiconductor manufacturing plant opens in Dresden - Innovation News Network,https://news.google.com/rss/articles/CBMirwFBVV95cUxORzVYN09hSnJVc1FVbWoyM2xvTURRQ2pHd3BHeTQ4Z0hzcmFybFpyb29YaFZSSk5saFFaOFRaT01IOUIzQUpGY0gtQVNfUXB4a1E4YTM0WTludXM0TE1YdnFBZHVkYlZ2NWVHQVhsRmZ5R05tSnBUVzMtMnFoRVBidF93NUhjOEtsbUpfWWExaHNzUm4wMVRVUFZkbnFLU0VrQ2tDOGFRaWI5aWdNSkdV?oc=5,"Mon, 06 Jul 2026 10:25:26 GMT","<a href=""https://news.google.com/rss/articles/CBMirwFBVV95cUxORzVYN09hSnJVc1FVbWoyM2xvTURRQ2pHd3BHeTQ4Z0hzcmFybFpyb29YaFZSSk5saFFaOFRaT01IOUIzQUpGY0gtQVNfUXB4a1E4YTM0WTludXM0TE1YdnFBZHVkYlZ2NWVHQVhsRmZ5R05tSnBUVzMtMnFoRVBidF93NUhjOEtsbUpfWWExaHNzUm4wMVRVUFZkbnFLU0VrQ2tDOGFRaWI5aWdNSkdV?oc=5"" target=""_blank"">World’s largest semiconductor manufacturing plant opens in Dresden</a>&nbsp;&nbsp;<font color=""#6f6f6f"">Innovation News Network</font>",2026-07-24T19:37:46.739150
GoogleNews_FabCapacity,Double Spindle Grinding Machine Market to Reach 165 Index by 2035 on Semiconductor Fab Capacity Additions - IndexBox,https://news.google.com/rss/articles/CBMi0AFBVV95cUxOUkluSkw2VkdRQXlub3RKZVF5WUhYNHliNV9DNGZ0bWc1akdKb2dCMXJVTm9SZFpQYlBETGFadllMWjVTbFhscXVtSGtmdE1GYU00Qi1WUTZnV19DdC1NWktnSkpzRTBpVm1ZZC1McC1JTWk5by1pbEZNaVJuc2lxU3NrUkQxVkZvc3FGNkdHUzFhUUhGckFZWGVYR2huTWZmWFA3ZEJHVXdxT2d1a2VVTFgtZEJ5dHRSaTZUTHBsY01FdGt4RG1scEwxMWwtZ1pr?oc=5,"Wed, 15 Jul 2026 05:56:12 GMT","<a href=""https://news.google.com/rss/articles/CBMi0AFBVV95cUxOUkluSkw2VkdRQXlub3RKZVF5WUhYNHliNV9DNGZ0bWc1akdKb2dCMXJVTm9SZFpQYlBETGFadllMWjVTbFhscXVtSGtmdE1GYU00Qi1WUTZnV19DdC1NWktnSkpzRTBpVm1ZZC1McC1JTWk5by1pbEZNaVJuc2lxU3NrUkQxVkZvc3FGNkdHUzFhUUhGckFZWGVYR2huTWZmWFA3ZEJHVXdxT2d1a2VVTFgtZEJ5dHRSaTZUTHBsY01FdGt4RG1scEwxMWwtZ1pr?oc=5"" target=""_blank"">Double Spindle Grinding Machine Market to Reach 165 Index by 2035 on Semiconductor Fab Capacity Additions</a>&nbsp;&nbsp;<font color=""#6f6f6f"">IndexBox</font>",2026-07-24T19:37:46.739153
GoogleNews_FabCapacity,The global race for semiconductor manufacturing dominance - Yole Group,https://news.google.com/rss/articles/CBMinwFBVV95cUxNWm9UOUxKb3ZOSXZrbmlUSWkyT29vaWJRWllLOTNSNGRFQ1ZjeTZfWXNpMjh3MnVmUm1TVGw1NVU2ZmU4eVlVT1o1Q3hvdFpiT2U1V1VTTlI2eVhuT2QtdUNLSDlIZjVvTHd0RVE5dG95S3NGNGNiZmVsSS12S0JHdi1Jd0ZQaUc1U2o4ZkpmOEE5dTNGeEpaS0xYQzlyVDQ?oc=5,"Thu, 19 Mar 2026 07:00:00 GMT","<a href=""https://news.google.com/rss/articles/CBMinwFBVV95cUxNWm9UOUxKb3ZOSXZrbmlUSWkyT29vaWJRWllLOTNSNGRFQ1ZjeTZfWXNpMjh3MnVmUm1TVGw1NVU2ZmU4eVlVT1o1Q3hvdFpiT2U1V1VTTlI2eVhuT2QtdUNLSDlIZjVvTHd0RVE5dG95S3NGNGNiZmVsSS12S0JHdi1Jd0ZQaUc1U2o4ZkpmOEE5dTNGeEpaS0xYQzlyVDQ?oc=5"" target=""_blank"">The global race for semiconductor manufacturing dominance</a>&nbsp;&nbsp;<font color=""#6f6f6f"">Yole Group</font>",2026-07-24T19:37:46.739155
GoogleNews_FabCapacity,SMG secures £6m to develop UK semiconductor manufacturing - gasworld,https://news.google.com/rss/articles/CBMipwFBVV95cUxNUV9ubjJaZlpkVVdMb3NSY0xJQ2QwaUtDOVVaZHZtaUthSTJiZW1iNEZUc1NadlVtUTVxSkNNZGtVYnpEUTdGUEJ0QzRTaWcyNkpzZ2NTcWJlYmZnLTRzMUZFZTZ3YlJURUdJcUtLYkRvcVdYVkFZbGlXX244UXpNV1VGX2RtQ1QxZWFUdkFnTlNFd2ZEeWF5MW9TbldPenlJXy1yRjR6MA?oc=5,"Fri, 17 Jul 2026 14:30:43 GMT","<a href=""https://news.google.com/rss/articles/CBMipwFBVV95cUxNUV9ubjJaZlpkVVdMb3NSY0xJQ2QwaUtDOVVaZHZtaUthSTJiZW1iNEZUc1NadlVtUTVxSkNNZGtVYnpEUTdGUEJ0QzRTaWcyNkpzZ2NTcWJlYmZnLTRzMUZFZTZ3YlJURUdJcUtLYkRvcVdYVkFZbGlXX244UXpNV1VGX2RtQ1QxZWFUdkFnTlNFd2ZEeWF5MW9TbldPenlJXy1yRjR6MA?oc=5"" target=""_blank"">SMG secures £6m to develop UK semiconductor manufacturing</a>&nbsp;&nbsp;<font color=""#6f6f6f"">gasworld</font>",2026-07-24T19:37:46.739157
GoogleNews_FabCapacity,Tower Semiconductor with METI Support Announces Strategic Capacity Expansion in Japan - Yahoo Finance,https://news.google.com/rss/articles/CBMipgFBVV95cUxPYkU1cVQ3Ui1ucWFqOF9jdFJ4QndQTmk2RjF6R3N1UzA3SERwTm1pQXhGVm0yYXBycUN1bVF6Rlpva2FGRzlOQ0RvdWZWXzlVOXBXRm50UWhDSm1MTzdwUXFMU2MxUkxMQjdnOVU2OTQ0SDdFby1RQ3A1TGZ1TnNuYS1kek83ZHpwbTJMaVdLa3JjOHVYRjEyUml3bDdRbUlYMGZ3eml3?oc=5,"Tue, 14 Jul 2026 06:00:00 GMT","<a href=""https://news.google.com/rss/articles/CBMipgFBVV95cUxPYkU1cVQ3Ui1ucWFqOF9jdFJ4QndQTmk2RjF6R3N1UzA3SERwTm1pQXhGVm0yYXBycUN1bVF6Rlpva2FGRzlOQ0RvdWZWXzlVOXBXRm50UWhDSm1MTzdwUXFMU2MxUkxMQjdnOVU2OTQ0SDdFby1RQ3A1TGZ1TnNuYS1kek83ZHpwbTJMaVdLa3JjOHVYRjEyUml3bDdRbUlYMGZ3eml3?oc=5"" target=""_blank"">Tower Semiconductor with METI Support Announces Strategic Capacity Expansion in Japan</a>&nbsp;&nbsp;<font color=""#6f6f6f"">Yahoo Finance</font>",2026-07-24T19:37:46.739160
GoogleNews_FabCapacity,"World Semiconductor Factory Automation - Market Analysis, Forecast, Size, Trends and Insights - IndexBox",https://news.google.com/rss/articles/CBMi9wFBVV95cUxNM2UtaVVrYmpkekk5bGVQcVZkNGhTY29ZNlhPZTVuaW4xbXlrYVlFNjZ0N2hEaUcyaGJzb09INmxhZGMyQ1J0a3BCcUJBOHQwQjNjbWhRWHJqb2RhTU12aklRczdEcUtnNmJ0emRIODB3Wm1ZTjBUU25oNG5OcGZFTEZWdHYxYlc2V0l3WHQzQjBPbDZXZ0VDanM4T1pHVWNadHNaM0VGdVZJZFdmWjJSUGRFWXNwRXhOV0NxbmM1V29vMXN6S0NDRU11dXA0c3JyNHJHZ181WUdmdVRfek1oWkRhX3k4S05WVkVtZDF2aWp5YlFBVnNB?oc=5,"Mon, 13 Jul 2026 09:51:12 GMT","<a href=""https://news.google.com/rss/articles/CBMi9wFBVV95cUxNM2UtaVVrYmpkekk5bGVQcVZkNGhTY29ZNlhPZTVuaW4xbXlrYVlFNjZ0N2hEaUcyaGJzb09INmxhZGMyQ1J0a3BCcUJBOHQwQjNjbWhRWHJqb2RhTU12aklRczdEcUtnNmJ0emRIODB3Wm1ZTjBUU25oNG5OcGZFTEZWdHYxYlc2V0l3WHQzQjBPbDZXZ0VDanM4T1pHVWNadHNaM0VGdVZJZFdmWjJSUGRFWXNwRXhOV0NxbmM1V29vMXN6S0NDRU11dXA0c3JyNHJHZ181WUdmdVRfek1oWkRhX3k4S05WVkVtZDF2aWp5YlFBVnNB?oc=5"" target=""_blank"">World Semiconductor Factory Automation - Market Analysis, Forecast, Size, Trends and Insights</a>&nbsp;&nbsp;<font color=""#6f6f6f"">IndexBox</font>",2026-07-24T19:37:46.739162
GoogleNews_FabCapacity,"Opinion: capacity, geography, and the rise of advanced nodes in the semiconductor Industry - Yole Group",https://news.google.com/rss/articles/CBMizAFBVV95cUxNTE1sX0lYM0xxclFMaDYzQS1IOGRWN3lUSy1IOHFDMVNxb2kyRGtqTnhMWFRobDMyQXNBUUx0R0RoX2VZdWVhd0M3TFB0VzBUbVd4V2gzbl9jWTNJamc2V3VndVBBc00xNlJrSXUzOFppSF91cURoU1J3VVhKd0YzeU9zT09hTmNxdzQwRXVvZ2tnMnV5U25WUTAtcXRWbi1NQlA2c09BUWRsczB4UG1pbmlmUTBSNGpKbnQ3N1hCdUtaTnF3YWd0QzN4dks?oc=5,"Mon, 30 Mar 2026 07:00:00 GMT","<a href=""https://news.google.com/rss/articles/CBMizAFBVV95cUxNTE1sX0lYM0xxclFMaDYzQS1IOGRWN3lUSy1IOHFDMVNxb2kyRGtqTnhMWFRobDMyQXNBUUx0R0RoX2VZdWVhd0M3TFB0VzBUbVd4V2gzbl9jWTNJamc2V3VndVBBc00xNlJrSXUzOFppSF91cURoU1J3VVhKd0YzeU9zT09hTmNxdzQwRXVvZ2tnMnV5U25WUTAtcXRWbi1NQlA2c09BUWRsczB4UG1pbmlmUTBSNGpKbnQ3N1hCdUtaTnF3YWd0QzN4dks?oc=5"" target=""_blank"">Opinion: capacity, geography, and the rise of advanced nodes in the semiconductor Industry</a>&nbsp;&nbsp;<font color=""#6f6f6f"">Yole Group</font>",2026-07-24T19:37:46.739164
GoogleNews_FabCapacity,Foundry limits and policy gaps are impacting semiconductor capacity - Sourceability,https://news.google.com/rss/articles/CBMinwFBVV95cUxPZnJsR3NuVFZZcmVaLVhKUTI1djR4NlVoMkl0ZGtHMjF0a3p1SUppUXQyTVRLQ2M5UlFiTWVxVFJyQU82OTdBTUEtakdseG5FRjFROXFxZWhtUFhlc3VRY01aazh4SHE0YWZ4aTl1VXB2Y0Q0TlBoMXkzUXRYOGItSHBaaTFmN2kyX2JKU3c2amhSVDJZdG5BZGxHTkFPSjQ?oc=5,"Tue, 12 May 2026 07:00:00 GMT","<a href=""https://news.google.com/rss/articles/CBMinwFBVV95cUxPZnJsR3NuVFZZcmVaLVhKUTI1djR4NlVoMkl0ZGtHMjF0a3p1SUppUXQyTVRLQ2M5UlFiTWVxVFJyQU82OTdBTUEtakdseG5FRjFROXFxZWhtUFhlc3VRY01aazh4SHE0YWZ4aTl1VXB2Y0Q0TlBoMXkzUXRYOGItSHBaaTFmN2kyX2JKU3c2amhSVDJZdG5BZGxHTkFPSjQ?oc=5"" target=""_blank"">Foundry limits and policy gaps are impacting semiconductor capacity</a>&nbsp;&nbsp;<font color=""#6f6f6f"">Sourceability</font>",2026-07-24T19:37:46.739167
GoogleNews_FabCapacity,Germany opens world's largest power semiconductor fab in Dresden - Interesting Engineering,https://news.google.com/rss/articles/CBMimgFBVV95cUxQMUZISHhiakI0Tk95WXE1TUFOZ3FBUDNCQnJWT05QVFM2d1NHZjJ5TWdVZlJyY09tUF9hOWExTFN4ZDdBQzdFSjc5M2hqMXlKRTdvc2psNDBScFNpQ1M0SHpTdkNEcWJmNE9xSFNuTWJnLW8wVEZjRll0Qk4zLVNDTjB5UDJCUnI5dmRMd0NweHh5SHAyQTlFX2lR?oc=5,"Fri, 03 Jul 2026 07:00:00 GMT","<a href=""https://news.google.com/rss/articles/CBMimgFBVV95cUxQMUZISHhiakI0Tk95WXE1TUFOZ3FBUDNCQnJWT05QVFM2d1NHZjJ5TWdVZlJyY09tUF9hOWExTFN4ZDdBQzdFSjc5M2hqMXlKRTdvc2psNDBScFNpQ1M0SHpTdkNEcWJmNE9xSFNuTWJnLW8wVEZjRll0Qk4zLVNDTjB5UDJCUnI5dmRMd0NweHh5SHAyQTlFX2lR?oc=5"" target=""_blank"">Germany opens world's largest power semiconductor fab in Dresden</a>&nbsp;&nbsp;<font color=""#6f6f6f"">Interesting Engineering</font>",2026-07-24T19:37:46.739169
GoogleNews_FabCapacity,2026 Global Semiconductor Industry Outlook - Deloitte,https://news.google.com/rss/articles/CBMiyAFBVV95cUxNalJ5QUZsY19UbVJDWDM5LUdnMDZ5RkxBS2dQU0lXQng2ZmpvSndFQi1CdV9jT0FTSmNvUEZXdG1kMnZMLXVFQVpnVzlDSncxZjE1VHE3S0pBUzJOWGdoRUs4WG9DLVkwV3VLTkdCMUs5VzZyUmNYX2JVQVJ6X21uSkI1VGZVZGJhZkFSNFlMZTVmZTdqVk5SczRFbUowSFlsME9Hd29xSUZBSFJMX3FOM3FKdkJEQ3B5cHY1dVRmUTlVTFFPb1NSNg?oc=5,"Thu, 05 Feb 2026 08:00:00 GMT","<a href=""https://news.google.com/rss/articles/CBMiyAFBVV95cUxNalJ5QUZsY19UbVJDWDM5LUdnMDZ5RkxBS2dQU0lXQng2ZmpvSndFQi1CdV9jT0FTSmNvUEZXdG1kMnZMLXVFQVpnVzlDSncxZjE1VHE3S0pBUzJOWGdoRUs4WG9DLVkwV3VLTkdCMUs5VzZyUmNYX2JVQVJ6X21uSkI1VGZVZGJhZkFSNFlMZTVmZTdqVk5SczRFbUowSFlsME9Hd29xSUZBSFJMX3FOM3FKdkJEQ3B5cHY1dVRmUTlVTFFPb1NSNg?oc=5"" target=""_blank"">2026 Global Semiconductor Industry Outlook</a>&nbsp;&nbsp;<font color=""#6f6f6f"">Deloitte</font>",2026-07-24T19:37:46.739172
GoogleNews_FabCapacity,The US semiconductor industry is on a roll—but current supply chains could stall it. - McKinsey & Company,https://news.google.com/rss/articles/CBMi7wFBVV95cUxNWW1TTW8wZGFUR3VwZE55SWNmMFlMLWJsMzdpRXRQX0gwcjkzMjBpaHlMWXZNSjV0QVpiMkRmMXhHUzZxYl9wMVlrdkszbEMtajhxcFViemJfSXJZemZTc3BWclppenBLRlI4ZnBwanJibUN5a2hCR3RpQkg3MXBMeUtEangtekdMMmtoZVFaOWxEb1RaOUVrZTA5YVZ1SGNieERqNkg5WGotTHpiVV9vMU10aFpRc1JPd05xV2R6MzBCOWoxdExxX2V6c3hEeUxLU042N3ZJcEFaeTFVTk9zSGVwbldNQUxhbkVNa1R6QQ?oc=5,"Fri, 21 Nov 2025 08:00:00 GMT","<a href=""https://news.google.com/rss/articles/CBMi7wFBVV95cUxNWW1TTW8wZGFUR3VwZE55SWNmMFlMLWJsMzdpRXRQX0gwcjkzMjBpaHlMWXZNSjV0QVpiMkRmMXhHUzZxYl9wMVlrdkszbEMtajhxcFViemJfSXJZemZTc3BWclppenBLRlI4ZnBwanJibUN5a2hCR3RpQkg3MXBMeUtEangtekdMMmtoZVFaOWxEb1RaOUVrZTA5YVZ1SGNieERqNkg5WGotTHpiVV9vMU10aFpRc1JPd05xV2R6MzBCOWoxdExxX2V6c3hEeUxLU042N3ZJcEFaeTFVTk9zSGVwbldNQUxhbkVNa1R6QQ?oc=5"" target=""_blank"">The US semiconductor industry is on a roll—but current supply chains could stall it.</a>&nbsp;&nbsp;<font color=""#6f6f6f"">McKinsey & Company</font>",2026-07-24T19:37:46.739174
GoogleNews_FabCapacity,"Micron Raises US Semiconductor Investment to $250 Billion, Breaks Ground on New York Fab - thelec.net",https://news.google.com/rss/articles/CBMiZ0FVX3lxTFBGVXdfdTQzM01OVzMtNm1JZWd6YmdfNEdJVjFVQUlmSENnYVZER3huanFMMkhzcDRMNGR6aVRGemZxQk12S3JvLUc5bzJEMHJoOUdTREY4NDV4dWlpdy00SDE1eDNMNUU?oc=5,"Fri, 10 Jul 2026 07:00:00 GMT","<a href=""https://news.google.com/rss/articles/CBMiZ0FVX3lxTFBGVXdfdTQzM01OVzMtNm1JZWd6YmdfNEdJVjFVQUlmSENnYVZER3huanFMMkhzcDRMNGR6aVRGemZxQk12S3JvLUc5bzJEMHJoOUdTREY4NDV4dWlpdy00SDE1eDNMNUU?oc=5"" target=""_blank"">Micron Raises US Semiconductor Investment to $250 Billion, Breaks Ground on New York Fab</a>&nbsp;&nbsp;<font color=""#6f6f6f"">thelec.net</font>",2026-07-24T19:37:46.739176
GoogleNews_FabCapacity,Gradiant Supports Landmark Semiconductor Manufacturing Expansion in Dresden - ANTARA News,https://news.google.com/rss/articles/CBMiswFBVV95cUxPWUl0VEs1ODY0SUluQWFMRjVuX1ptT2dmRjB2Qk5PODhPYUhtYVVrTTU0YXlDaUxpZzdhVktHT09RQ3ZKcy1nZzJDcEVDVGZCU1g1NGJNUnZjQ24ydHpjOW51dmNVTlBvdWQ2ZHpsRWJrRFJCbXlqQkhGMXNqY2tVLWI5d0sxMWhVTnpLcUNVTWM5UElwN0wwaDFPX01oS2kyTjVSMFRpcFFmeFFhUHBTYldvQdIBuAFBVV95cUxQWGNCcDVuLURlcTVWWlZjdUVHSHlZSWxIVHBRZlBKS0NqaFdDNnNlU21CMHJDa1dhMzhyYkN5bE9neEd4Ujl6R2xfRWZPUjVzbWtKdWpxSmtFWFNpd0ZyejRKaGc5bUE4Y1Z0eGpaY3QtcEV3dERHNU9DN2NUWi1ncTdWZlNydEJNMmtaeDlScjROa2VTQUREZ0VxZ1ViU2VGaE5GSVAyVkpiRkl2b2NPSFo0TWxVU0dO?oc=5,"Wed, 22 Jul 2026 00:19:47 GMT","<a href=""https://news.google.com/rss/articles/CBMiswFBVV95cUxPWUl0VEs1ODY0SUluQWFMRjVuX1ptT2dmRjB2Qk5PODhPYUhtYVVrTTU0YXlDaUxpZzdhVktHT09RQ3ZKcy1nZzJDcEVDVGZCU1g1NGJNUnZjQ24ydHpjOW51dmNVTlBvdWQ2ZHpsRWJrRFJCbXlqQkhGMXNqY2tVLWI5d0sxMWhVTnpLcUNVTWM5UElwN0wwaDFPX01oS2kyTjVSMFRpcFFmeFFhUHBTYldvQdIBuAFBVV95cUxQWGNCcDVuLURlcTVWWlZjdUVHSHlZSWxIVHBRZlBKS0NqaFdDNnNlU21CMHJDa1dhMzhyYkN5bE9neEd4Ujl6R2xfRWZPUjVzbWtKdWpxSmtFWFNpd0ZyejRKaGc5bUE4Y1Z0eGpaY3QtcEV3dERHNU9DN2NUWi1ncTdWZlNydEJNMmtaeDlScjROa2VTQUREZ0VxZ1ViU2VGaE5GSVAyVkpiRkl2b2NPSFo0TWxVU0dO?oc=5"" target=""_blank"">Gradiant Supports Landmark Semiconductor Manufacturing Expansion in Dresden</a>&nbsp;&nbsp;<font color=""#6f6f6f"">ANTARA News</font>",2026-07-24T19:37:46.739178
GoogleNews_FabCapacity,"Europe Semiconductor Market Size, Share, & Growth, 2034 - Market Data Forecast",https://news.google.com/rss/articles/CBMigwFBVV95cUxQempEcVJxTlBDSHFZTjN4X1dHNy1UbTluSzBIWGl3QnZ5NkFPamFYNGJEOHVRV3VRZDdwX2Itd2paZ21XTFBpOER1LTBqemRCbnNJcG11NHk1dldRb0p2b1dfWlpzYzZ1MTVWeFBvajlmeHNpenpwb0s1ZFpzZjFRTC1hZw?oc=5,"Thu, 16 Jul 2026 07:00:00 GMT","<a href=""https://news.google.com/rss/articles/CBMigwFBVV95cUxQempEcVJxTlBDSHFZTjN4X1dHNy1UbTluSzBIWGl3QnZ5NkFPamFYNGJEOHVRV3VRZDdwX2Itd2paZ21XTFBpOER1LTBqemRCbnNJcG11NHk1dldRb0p2b1dfWlpzYzZ1MTVWeFBvajlmeHNpenpwb0s1ZFpzZjFRTC1hZw?oc=5"" target=""_blank"">Europe Semiconductor Market Size, Share, & Growth, 2034</a>&nbsp;&nbsp;<font color=""#6f6f6f"">Market Data Forecast</font>",2026-07-24T19:37:46.739181
GoogleNews_FabCapacity,"Semiconductor industry calls for more robust, strategic industrial policy - Manufacturing Dive",https://news.google.com/rss/articles/CBMikAFBVV95cUxPbG8yNnVuZmhDeG9QYkNuS0E0eGJnWVVrRllOcHpfQjNBV25XOUlVMy1KYUFzV1gzeVZFcDNWZnBnNThreUxxbnMwZ1R1emFNOFhydWw1UW4yay1FOW9GM1hvQmJkN01uYk9PRnlCa21YelFHcHQxU0RoVU5oQ1k4eDh2WHJJUFdYU01WUTJjM18?oc=5,"Wed, 15 Apr 2026 07:00:00 GMT","<a href=""https://news.google.com/rss/articles/CBMikAFBVV95cUxPbG8yNnVuZmhDeG9QYkNuS0E0eGJnWVVrRllOcHpfQjNBV25XOUlVMy1KYUFzV1gzeVZFcDNWZnBnNThreUxxbnMwZ1R1emFNOFhydWw1UW4yay1FOW9GM1hvQmJkN01uYk9PRnlCa21YelFHcHQxU0RoVU5oQ1k4eDh2WHJJUFdYU01WUTJjM18?oc=5"" target=""_blank"">Semiconductor industry calls for more robust, strategic industrial policy</a>&nbsp;&nbsp;<font color=""#6f6f6f"">Manufacturing Dive</font>",2026-07-24T19:37:46.739183
GoogleNews_FabCapacity,"Budd, Bennet Introduce Bipartisan Bill to Unlock U.S. Space-Based Chip Manufacturing & Close Advanced Manufacturing Gap with China - U.S. Senator Ted Budd (.gov)",https://news.google.com/rss/articles/CBMitgFBVV95cUxPV3JPQk1zRmZmX1BoLTM2QUFfMUd2TFhGMmczc3RrV0thSHcycExiOEtzdTZabFNRZVVobzF4dElJUlRlWnZFTHFtdGFiY01WMUcxNE5Lb2s2aVBMZTZBSGxMREJHZ0tremJNU1JxUmhDZGpWR2tnMVZVZF9EcWxSdFRvbUtPYS1UbkJ5dXdVNmd6bU1jR3h6MWRiTWtuQ2k5M1JCTG1lN25FRzNPb1ZUQ2hFdDFhUQ?oc=5,"Thu, 11 Jun 2026 07:00:00 GMT","<a href=""https://news.google.com/rss/articles/CBMitgFBVV95cUxPV3JPQk1zRmZmX1BoLTM2QUFfMUd2TFhGMmczc3RrV0thSHcycExiOEtzdTZabFNRZVVobzF4dElJUlRlWnZFTHFtdGFiY01WMUcxNE5Lb2s2aVBMZTZBSGxMREJHZ0tremJNU1JxUmhDZGpWR2tnMVZVZF9EcWxSdFRvbUtPYS1UbkJ5dXdVNmd6bU1jR3h6MWRiTWtuQ2k5M1JCTG1lN25FRzNPb1ZUQ2hFdDFhUQ?oc=5"" target=""_blank"">Budd, Bennet Introduce Bipartisan Bill to Unlock U.S. Space-Based Chip Manufacturing & Close Advanced Manufacturing Gap with China</a>&nbsp;&nbsp;<font color=""#6f6f6f"">U.S. Senator Ted Budd (.gov)</font>",2026-07-24T19:37:46.739185
GoogleNews_FabCapacity,"Chairman Bilirakis Delivers Opening Statement at Subcommittee on Commerce, Manufacturing, and Trade Hearing on the Semiconductor Ecosystem and Supply Chain - House Committee on Energy and Commerce (.gov)",https://news.google.com/rss/articles/CBMinAJBVV95cUxPUy1aWUt5TWl1QkN1RXdZOHptVFNfc2tLNVlrbm1zcXdGQU52d19PREcya1NRMXJkWFAzVVdKLUZBOUNKMWRtTFRtY1U2VmlCZDl4OC1rakhJbkdvTnBqSFRzcHFjX1ZtYWVOOTZJSXlrOTRXQkJZU2NmT1JMWGdxUkFmNWFhZERsc2lod3hfYVJQVVk0SVZCMXB0N3lBSG1aTTlueXctYWRrSTFUOVk2em1FaG1NTnAtV3RYcVVIbHRuQmpkLVViODJPQmdXN1RmWFZXckpZdkdMQUdWVkwwdjE0UjRwSUVlczhqa2p2UzZ4ajQxeFg4TV9CSlZyVHBwMFJxZDlhZ0lfWERsTGNTTEQyTnNFVUtyMmRIRw?oc=5,"Wed, 15 Apr 2026 07:00:00 GMT","<a href=""https://news.google.com/rss/articles/CBMinAJBVV95cUxPUy1aWUt5TWl1QkN1RXdZOHptVFNfc2tLNVlrbm1zcXdGQU52d19PREcya1NRMXJkWFAzVVdKLUZBOUNKMWRtTFRtY1U2VmlCZDl4OC1rakhJbkdvTnBqSFRzcHFjX1ZtYWVOOTZJSXlrOTRXQkJZU2NmT1JMWGdxUkFmNWFhZERsc2lod3hfYVJQVVk0SVZCMXB0N3lBSG1aTTlueXctYWRrSTFUOVk2em1FaG1NTnAtV3RYcVVIbHRuQmpkLVViODJPQmdXN1RmWFZXckpZdkdMQUdWVkwwdjE0UjRwSUVlczhqa2p2UzZ4ajQxeFg4TV9CSlZyVHBwMFJxZDlhZ0lfWERsTGNTTEQyTnNFVUtyMmRIRw?oc=5"" target=""_blank"">Chairman Bilirakis Delivers Opening Statement at Subcommittee on Commerce, Manufacturing, and Trade Hearing on the Semiconductor Ecosystem and Supply Chain</a>&nbsp;&nbsp;<font color=""#6f6f6f"">House Committee on Energy and Commerce (.gov)</font>",2026-07-24T19:37:46.739187
GoogleNews_FabCapacity,Cleanroom Ovens Market to Reach $335.0 Mn by 2036 as Semiconductor Manufacturing Leads Demand - Fact.MR,https://news.google.com/rss/articles/CBMickFVX3lxTE83UGlBMmFLX1ZyVG00YWFZRXJwd2lhdE9wbHRleWJieFNKXzRZUzItUlRyNElUcVppN05xdnctR1M0Njc4TkU4d2tFaElTS3NPdDdLcEVIV2NSWWZSX29IYnZkMmhDYTJUN1NLbDgwaW9uUQ?oc=5,"Fri, 17 Jul 2026 11:05:00 GMT","<a href=""https://news.google.com/rss/articles/CBMickFVX3lxTE83UGlBMmFLX1ZyVG00YWFZRXJwd2lhdE9wbHRleWJieFNKXzRZUzItUlRyNElUcVppN05xdnctR1M0Njc4TkU4d2tFaElTS3NPdDdLcEVIV2NSWWZSX29IYnZkMmhDYTJUN1NLbDgwaW9uUQ?oc=5"" target=""_blank"">Cleanroom Ovens Market to Reach $335.0 Mn by 2036 as Semiconductor Manufacturing Leads Demand</a>&nbsp;&nbsp;<font color=""#6f6f6f"">Fact.MR</font>",2026-07-24T19:37:46.739190
GoogleNews_FabCapacity,Global Pure Foundry Market Share: Quarterly - Counterpoint Research,https://news.google.com/rss/articles/CBMijwFBVV95cUxORDdQWldzVUpIZDdpYmE4TWhIVDE1SnRCaEdPcG82dmFOaWoyOXVjdGhZeFhVRmdqOFN1S2xWaXBfNi1PaGFDRXZsRU1HQ0NmS0VsMWowQ19pUXgyOER3bE8wSk02SmlIeW5LSzlOZFFnYXpzd3ZwdVhoUTByeWlvcDN2SF9VNl9KWUE3a3NSUQ?oc=5,"Thu, 04 Jun 2026 07:00:00 GMT","<a href=""https://news.google.com/rss/articles/CBMijwFBVV95cUxORDdQWldzVUpIZDdpYmE4TWhIVDE1SnRCaEdPcG82dmFOaWoyOXVjdGhZeFhVRmdqOFN1S2xWaXBfNi1PaGFDRXZsRU1HQ0NmS0VsMWowQ19pUXgyOER3bE8wSk02SmlIeW5LSzlOZFFnYXpzd3ZwdVhoUTByeWlvcDN2SF9VNl9KWUE3a3NSUQ?oc=5"" target=""_blank"">Global Pure Foundry Market Share: Quarterly</a>&nbsp;&nbsp;<font color=""#6f6f6f"">Counterpoint Research</font>",2026-07-24T19:37:46.739192
GoogleNews_FabCapacity,HBM and Semiconductor Capacity Expansion Reshapes Electronics Supply Chains - Astute Group,https://news.google.com/rss/articles/CBMiuAFBVV95cUxNbVV5VW9wRlg5QVl5WlZUalJvT01BZS1raGVwUTRmc0xtYmNKZkZLdlN3YlRzR01tRE9ac25TcWtLelpUNFJwTmI4d0JId1E1b3hLb3ROV3draHZ2YkFwRFEyc19EVWs3QzRNZnR4QndLdEpJWlJBaFQwVXVOaUREYmJUbVFodzA3OFhNNU9wRE5VZ2R2UVQzVnFJNTI3RV9LZDJJNGtsRnhHSzdWZzRXRUlmV3owZ2RP?oc=5,"Thu, 11 Jun 2026 07:00:00 GMT","<a href=""https://news.google.com/rss/articles/CBMiuAFBVV95cUxNbVV5VW9wRlg5QVl5WlZUalJvT01BZS1raGVwUTRmc0xtYmNKZkZLdlN3YlRzR01tRE9ac25TcWtLelpUNFJwTmI4d0JId1E1b3hLb3ROV3draHZ2YkFwRFEyc19EVWs3QzRNZnR4QndLdEpJWlJBaFQwVXVOaUREYmJUbVFodzA3OFhNNU9wRE5VZ2R2UVQzVnFJNTI3RV9LZDJJNGtsRnhHSzdWZzRXRUlmV3owZ2RP?oc=5"" target=""_blank"">HBM and Semiconductor Capacity Expansion Reshapes Electronics Supply Chains</a>&nbsp;&nbsp;<font color=""#6f6f6f"">Astute Group</font>",2026-07-24T19:37:46.739194
GoogleNews_FabCapacity,TSMC Expands US Manufacturing to Meet Data Centre Demand - Data Centre Magazine,https://news.google.com/rss/articles/CBMilwFBVV95cUxPYkRUMUhiTDhIMXhCQjQzSlo0M2VnaDAxN1lpTkRSbXBTQjJxSllqWkQ5X1p6OGhBUWFUTzZqd2MzLXRBTjJOdjhCdm5sS0psN1Jpa1U1UVh5RHdnRUxzbWdKaDBMRWwwc1pRUVRMTFlvWXl1eEs0bVktdkdjNlY0Z2RmVnBReUpQTzA5dnBTeGtad3ZISTBj?oc=5,"Mon, 13 Apr 2026 07:00:00 GMT","<a href=""https://news.google.com/rss/articles/CBMilwFBVV95cUxPYkRUMUhiTDhIMXhCQjQzSlo0M2VnaDAxN1lpTkRSbXBTQjJxSllqWkQ5X1p6OGhBUWFUTzZqd2MzLXRBTjJOdjhCdm5sS0psN1Jpa1U1UVh5RHdnRUxzbWdKaDBMRWwwc1pRUVRMTFlvWXl1eEs0bVktdkdjNlY0Z2RmVnBReUpQTzA5dnBTeGtad3ZISTBj?oc=5"" target=""_blank"">TSMC Expands US Manufacturing to Meet Data Centre Demand</a>&nbsp;&nbsp;<font color=""#6f6f6f"">Data Centre Magazine</font>",2026-07-24T19:37:46.739197
GoogleNews_FabCapacity,Infineon opens Smart Power Fab as Europe's largest power semiconductor manufacturing site - eeNews Europe,https://news.google.com/rss/articles/CBMivgFBVV95cUxOS2puajYxcFFLTUJSb3NBRm9tU0JfSFNKWmNkc1RmRTRwV3hkSWljeVdPX3Q0ZTJpYnk0MGQydVhGb0FrTGZ2UzNHRkVmcktHNHBkaEZPRXJkOXJOaFhMXy1QdGh1czdSUHFFUGNLdUtGQkExRHdoVnBPaW14aF83bm5neC1ZMG5VbW1Fc0JQQmcyZHJvalY4VzJxeEl0cEs3V3M2TkItWHJ2Ul9POFFIZDAzRjQ3ZW5sdThOUUJR?oc=5,"Thu, 02 Jul 2026 12:14:38 GMT","<a href=""https://news.google.com/rss/articles/CBMivgFBVV95cUxOS2puajYxcFFLTUJSb3NBRm9tU0JfSFNKWmNkc1RmRTRwV3hkSWljeVdPX3Q0ZTJpYnk0MGQydVhGb0FrTGZ2UzNHRkVmcktHNHBkaEZPRXJkOXJOaFhMXy1QdGh1czdSUHFFUGNLdUtGQkExRHdoVnBPaW14aF83bm5neC1ZMG5VbW1Fc0JQQmcyZHJvalY4VzJxeEl0cEs3V3M2TkItWHJ2Ul9POFFIZDAzRjQ3ZW5sdThOUUJR?oc=5"" target=""_blank"">Infineon opens Smart Power Fab as Europe's largest power semiconductor manufacturing site</a>&nbsp;&nbsp;<font color=""#6f6f6f"">eeNews Europe</font>",2026-07-24T19:37:46.739199
GoogleNews_FabCapacity,"World Wafer Processing Systems - Market Analysis, Forecast, Size, Trends and Insights - IndexBox",https://news.google.com/rss/articles/CBMi-gFBVV95cUxPZVV2Slo2QjZxVnVLMnlpTnA2U2tIOHYwWXl4Z3lTa1hmbG9KSVNZVjNseVVXTXV3d011dnZ2S2FEU0Y0RHRsWGJVMldyYlZ3Vy1pUlU3a0Rxd2xlQ2FwLTd3VEdEQjVCMUcyUnZqVWtRN1RRakVHQm9tZTJRTWw3T3dyYTNwd3pGc3ltc1pKRmNlZ2lnb2F3cVhTRUwtaTI3SXZrYzB0eG5EYlAyVnRaQV9PaWZIQ3pRUWJpM0w2eWJnWDFXM1VKUURoNDBSSm9ab1ZKbzU3ZmhwWHU4RnZuUG0xVnRvQTFnT1NoSTd2UldXenpaeDdMRkJ3?oc=5,"Sun, 12 Jul 2026 22:46:13 GMT","<a href=""https://news.google.com/rss/articles/CBMi-gFBVV95cUxPZVV2Slo2QjZxVnVLMnlpTnA2U2tIOHYwWXl4Z3lTa1hmbG9KSVNZVjNseVVXTXV3d011dnZ2S2FEU0Y0RHRsWGJVMldyYlZ3Vy1pUlU3a0Rxd2xlQ2FwLTd3VEdEQjVCMUcyUnZqVWtRN1RRakVHQm9tZTJRTWw3T3dyYTNwd3pGc3ltc1pKRmNlZ2lnb2F3cVhTRUwtaTI3SXZrYzB0eG5EYlAyVnRaQV9PaWZIQ3pRUWJpM0w2eWJnWDFXM1VKUURoNDBSSm9ab1ZKbzU3ZmhwWHU4RnZuUG0xVnRvQTFnT1NoSTd2UldXenpaeDdMRkJ3?oc=5"" target=""_blank"">World Wafer Processing Systems - Market Analysis, Forecast, Size, Trends and Insights</a>&nbsp;&nbsp;<font color=""#6f6f6f"">IndexBox</font>",2026-07-24T19:37:46.739202
GoogleNews_FabCapacity,TSMC Talent and Water Constraints Raise Questions Over Future Chip Capacity - Astute Group,https://news.google.com/rss/articles/CBMiuAFBVV95cUxPaXhpZHFva21PcHIwWVZ4dEhlOEx3d25qa1p6MDBmZmtPeVAyenZpeF9WY2NLemREdWtTNldBSEtReHZGanBUOFktQWpET0RfaEFPQTl3emlSUVJ2aHk4Y19TMDR3dWhxcGI4SzZmN1Bqa2RMVzI5dEp5ZXQ5a1lQMi1UVmU4S21JOHA0b1RRSnAtcmotYWNGM0JGMWl3QVlWZENzY0FQX1NRRGV6MmJ0YjNPR3IwbW1w?oc=5,"Wed, 24 Jun 2026 07:00:00 GMT","<a href=""https://news.google.com/rss/articles/CBMiuAFBVV95cUxPaXhpZHFva21PcHIwWVZ4dEhlOEx3d25qa1p6MDBmZmtPeVAyenZpeF9WY2NLemREdWtTNldBSEtReHZGanBUOFktQWpET0RfaEFPQTl3emlSUVJ2aHk4Y19TMDR3dWhxcGI4SzZmN1Bqa2RMVzI5dEp5ZXQ5a1lQMi1UVmU4S21JOHA0b1RRSnAtcmotYWNGM0JGMWl3QVlWZENzY0FQX1NRRGV6MmJ0YjNPR3IwbW1w?oc=5"" target=""_blank"">TSMC Talent and Water Constraints Raise Questions Over Future Chip Capacity</a>&nbsp;&nbsp;<font color=""#6f6f6f"">Astute Group</font>",2026-07-24T19:37:46.739204
GoogleNews_FabCapacity,"World Semiconductor Grade Chemicals - Market Analysis, Forecast, Size, Trends and Insights - IndexBox",https://news.google.com/rss/articles/CBMi5gFBVV95cUxNRUEtUWZFeS1iYmNXdmN5RmRYS0xLaVFZYTIyVktXNlY4SE9FX1FleHdfMnZpOVJCc3Q0M3dVMl80MkNOcV9CVjZaU0NtR3BCSEl1WnhpMTNSekRqYVZrYldDYkp3VVl6WV91ZHZadmh4cTJFUUtPNmVmdTFIQmhMLXNyVHVqU3ZkN2V1ZUpZTk90RGxEV0xEODRYejk4b2hha3dCSmhkVXNqR2hvQVV0bU1yck0tU291NkY3Z3FrWHg5WVp1TzJhandpQ25PZHBNZERKUUY0YXdKeEJqdE9LVTg1LURUUQ?oc=5,"Fri, 10 Jul 2026 06:26:12 GMT","<a href=""https://news.google.com/rss/articles/CBMi5gFBVV95cUxNRUEtUWZFeS1iYmNXdmN5RmRYS0xLaVFZYTIyVktXNlY4SE9FX1FleHdfMnZpOVJCc3Q0M3dVMl80MkNOcV9CVjZaU0NtR3BCSEl1WnhpMTNSekRqYVZrYldDYkp3VVl6WV91ZHZadmh4cTJFUUtPNmVmdTFIQmhMLXNyVHVqU3ZkN2V1ZUpZTk90RGxEV0xEODRYejk4b2hha3dCSmhkVXNqR2hvQVV0bU1yck0tU291NkY3Z3FrWHg5WVp1TzJhandpQ25PZHBNZERKUUY0YXdKeEJqdE9LVTg1LURUUQ?oc=5"" target=""_blank"">World Semiconductor Grade Chemicals - Market Analysis, Forecast, Size, Trends and Insights</a>&nbsp;&nbsp;<font color=""#6f6f6f"">IndexBox</font>",2026-07-24T19:37:46.739206
GoogleNews_FabCapacity,From Promise to Progress: Governor Hochul Celebrates Groundbreaking of Micron’s Semiconductor Manufacturing Facility in Central New York - Governor Kathy Hochul (.gov),https://news.google.com/rss/articles/CBMixgFBVV95cUxQVzMtWktWRGZ1bG5xWFhfdC04eHppdVF6dG5iNU5BOURiU2I0WEkyOUdSWjV6aHdiaFdCaG9uNnNfRGI0MFRQT3h4NktWUWhiZHN1SlFVeWhmWVE5dkt0ZEt3NnB0WkoyaXBkNV9kdTkwX1dCaXVEeEpHTndjdUQ2bTZ6Y1R2bkZROTR2QnB3X3Z0TU1pUkFacTlfamRJdDdSUm5GWlVpeUdMdzRYeHZCMmVaU1Z6YmY4N3UweFhVRWZrRWY3YWc?oc=5,"Fri, 16 Jan 2026 08:00:00 GMT","<a href=""https://news.google.com/rss/articles/CBMixgFBVV95cUxQVzMtWktWRGZ1bG5xWFhfdC04eHppdVF6dG5iNU5BOURiU2I0WEkyOUdSWjV6aHdiaFdCaG9uNnNfRGI0MFRQT3h4NktWUWhiZHN1SlFVeWhmWVE5dkt0ZEt3NnB0WkoyaXBkNV9kdTkwX1dCaXVEeEpHTndjdUQ2bTZ6Y1R2bkZROTR2QnB3X3Z0TU1pUkFacTlfamRJdDdSUm5GWlVpeUdMdzRYeHZCMmVaU1Z6YmY4N3UweFhVRWZrRWY3YWc?oc=5"" target=""_blank"">From Promise to Progress: Governor Hochul Celebrates Groundbreaking of Micron’s Semiconductor Manufacturing Facility in Central New York</a>&nbsp;&nbsp;<font color=""#6f6f6f"">Governor Kathy Hochul (.gov)</font>",2026-07-24T19:37:46.739209
GoogleNews_FabCapacity,Why Taiwan’s semiconductor industry matters to Milwaukee’s manufacturers and tech sectors - Milwaukee Independent,https://news.google.com/rss/articles/CBMiwgFBVV95cUxQcjRGVGpOSVlNT0lqN2huVDZyeEdXNGcteENReld2WDF2ajdSbl84a3FrT0FMTmlBcmJudDh1d0FEV1NuTzUwRFVkS2x4dGg5dXJ1V2FGU2JOc2NzbFNBUjZvMWV3STY0TFp0RnNGU2lLLWdMNk10U3R6V1pXRGRjenN3WVE0VUx0NmFiQWFTdmtrNG04T0xvSFNJMXRlYUxyRm9IUUdCZWZLVlRlRE0yRnBVNDFkTjdxdzIyamFwWU1BUQ?oc=5,"Sat, 02 May 2026 07:00:00 GMT","<a href=""https://news.google.com/rss/articles/CBMiwgFBVV95cUxQcjRGVGpOSVlNT0lqN2huVDZyeEdXNGcteENReld2WDF2ajdSbl84a3FrT0FMTmlBcmJudDh1d0FEV1NuTzUwRFVkS2x4dGg5dXJ1V2FGU2JOc2NzbFNBUjZvMWV3STY0TFp0RnNGU2lLLWdMNk10U3R6V1pXRGRjenN3WVE0VUx0NmFiQWFTdmtrNG04T0xvSFNJMXRlYUxyRm9IUUdCZWZLVlRlRE0yRnBVNDFkTjdxdzIyamFwWU1BUQ?oc=5"" target=""_blank"">Why Taiwan’s semiconductor industry matters to Milwaukee’s manufacturers and tech sectors</a>&nbsp;&nbsp;<font color=""#6f6f6f"">Milwaukee Independent</font>",2026-07-24T19:37:46.739211
GoogleNews_FabCapacity,Tower Semiconductor to Expand Manufacturing Capacity in Japan - Moomoo,https://news.google.com/rss/articles/CBMipgFBVV95cUxORGl4cER5X1hwTTdweUJ2TmthQ2w0WVh6bkQxUGl1SUNqYXlzbmtkQ3RHeFhDTDBSQTBJLWtJbTRaMlYxeEhCVU9JZTBLVHFHUWszTkw2MDZJekJFcUJDdFlYT1dKVENuZGJ6ZGVaSUxpT0pZaTBHTUMwRXducTFGcVFJSmJFdVYxbmV6ZVV2Mm1oQjVKZ0dCVnpkQUhDOWFpN0pnU2VB?oc=5,"Tue, 14 Jul 2026 09:08:53 GMT","<a href=""https://news.google.com/rss/articles/CBMipgFBVV95cUxORGl4cER5X1hwTTdweUJ2TmthQ2w0WVh6bkQxUGl1SUNqYXlzbmtkQ3RHeFhDTDBSQTBJLWtJbTRaMlYxeEhCVU9JZTBLVHFHUWszTkw2MDZJekJFcUJDdFlYT1dKVENuZGJ6ZGVaSUxpT0pZaTBHTUMwRXducTFGcVFJSmJFdVYxbmV6ZVV2Mm1oQjVKZ0dCVnpkQUhDOWFpN0pnU2VB?oc=5"" target=""_blank"">Tower Semiconductor to Expand Manufacturing Capacity in Japan</a>&nbsp;&nbsp;<font color=""#6f6f6f"">Moomoo</font>",2026-07-24T19:37:46.739213
GoogleNews_FabCapacity,"US unlikely to match TSMC’s Taiwan production capacity, minister says - Taipei Times",https://news.google.com/rss/articles/CBMidkFVX3lxTFB1VE54emN5MW9NdjRVQ28tOHBBaWdSY0VmNDV5R0pjTEdHaVZqS2MxRFhEMHVVUTBlY1NLV0FhUUhLdDNZdGJQal9WQzI2UXphVmVNT2dZVHJ0dnBQZ0Q1NXVmYU84MFdWQnUzZEpORmc2X2lEYVE?oc=5,"Thu, 02 Jul 2026 16:00:00 GMT","<a href=""https://news.google.com/rss/articles/CBMidkFVX3lxTFB1VE54emN5MW9NdjRVQ28tOHBBaWdSY0VmNDV5R0pjTEdHaVZqS2MxRFhEMHVVUTBlY1NLV0FhUUhLdDNZdGJQal9WQzI2UXphVmVNT2dZVHJ0dnBQZ0Q1NXVmYU84MFdWQnUzZEpORmc2X2lEYVE?oc=5"" target=""_blank"">US unlikely to match TSMC’s Taiwan production capacity, minister says</a>&nbsp;&nbsp;<font color=""#6f6f6f"">Taipei Times</font>",2026-07-24T19:37:46.739215
GoogleNews_FabCapacity,Department of Commerce Announces Finalization of CHIPS Incentives with Powerex to Enhance Domestic Production Capacity of Key Components for U.S. Semiconductor Manufacturing - National Institute of Standards and Technology (.gov),https://news.google.com/rss/articles/CBMivgFBVV95cUxPZWRVbER2eUVud3VqeXE0N2lENS1feWs0MXdkMFZPRkFYdkc1MXlad09taXJkNzBrMkl5d1dmQWlkSHJnSVRNUTJUUi1FS1h6VDNQVmZENTA4THctdFlVUWc4enFKNGRvZEVZdmV2cDJNalhpbzRJZ0txUTZEVDJFbHUtS2NHcnFlM3k3YlJhTUZYc2pTZ1FKOG9tb2h4UzRaVFhoVHI4RmtJSjM5SXpKbzdoa0gwbV85bzd4VjRB?oc=5,"Fri, 05 Jun 2026 07:00:00 GMT","<a href=""https://news.google.com/rss/articles/CBMivgFBVV95cUxPZWRVbER2eUVud3VqeXE0N2lENS1feWs0MXdkMFZPRkFYdkc1MXlad09taXJkNzBrMkl5d1dmQWlkSHJnSVRNUTJUUi1FS1h6VDNQVmZENTA4THctdFlVUWc4enFKNGRvZEVZdmV2cDJNalhpbzRJZ0txUTZEVDJFbHUtS2NHcnFlM3k3YlJhTUZYc2pTZ1FKOG9tb2h4UzRaVFhoVHI4RmtJSjM5SXpKbzdoa0gwbV85bzd4VjRB?oc=5"" target=""_blank"">Department of Commerce Announces Finalization of CHIPS Incentives with Powerex to Enhance Domestic Production Capacity of Key Components for U.S. Semiconductor Manufacturing</a>&nbsp;&nbsp;<font color=""#6f6f6f"">National Institute of Standards and Technology (.gov)</font>",2026-07-24T19:37:46.739217
GoogleNews_FabCapacity,ASML and Tata Electronics sign MoU to support India’s first commercial semiconductor fab - Cleanroom Technology,https://news.google.com/rss/articles/CBMigwFBVV95cUxQQkptbEV0TjRndXgzX3oxSG5MQ3FKN0Z4YU5VS25FVWJnTWxMRE4wbmNONHhrSVNBcHk4VmVMN3V4Z2lIcGcxWGwtTlJ2WEw3dllYdGZ0WktHZnpoMTlmQ202cGRHWWhMRDNRYVdWZ1VFbDZyN1JYZG1zbEtyeG9fd2VVWQ?oc=5,"Fri, 29 May 2026 07:00:00 GMT","<a href=""https://news.google.com/rss/articles/CBMigwFBVV95cUxQQkptbEV0TjRndXgzX3oxSG5MQ3FKN0Z4YU5VS25FVWJnTWxMRE4wbmNONHhrSVNBcHk4VmVMN3V4Z2lIcGcxWGwtTlJ2WEw3dllYdGZ0WktHZnpoMTlmQ202cGRHWWhMRDNRYVdWZ1VFbDZyN1JYZG1zbEtyeG9fd2VVWQ?oc=5"" target=""_blank"">ASML and Tata Electronics sign MoU to support India’s first commercial semiconductor fab</a>&nbsp;&nbsp;<font color=""#6f6f6f"">Cleanroom Technology</font>",2026-07-24T19:37:46.739220
GoogleNews_FabCapacity,Tower Semiconductor shares jump as company announces Japan expansion to boost silicon photonics capacity - Proactive financial news,https://news.google.com/rss/articles/CBMihgJBVV95cUxOdVZ6cG9sUFJyNUVfdW5tNXFEZ1pfZmd0bW5PWFY3QmpYd1NTVi1EWjE0dHktUkl2dzZxWGNIcnZib0VteUx2eTNpekN2OUdia19YOWNqOHY5b0lYSE1WM3JsZ2w3LU9iQ3ctLUVJS3g3OXJlQU5jQ29kZHJFNFBLekplZGVEN3pic0g4a1ZsX0NHLUUteTY0OEozMXE3UkZCaWVZVVppRUdyYmVfVFN0cHp2cjVHdFBrU2oxUTNtMHZiMHRlQ0Zvd2prTVBJUHZRSlctZGlvdmpvQlRiRllIMUdVcDN3eVcwNjdpVFNHczlxMkhJWlk4MU9oUkhYZEEzZlVXT3B3?oc=5,"Tue, 14 Jul 2026 07:00:00 GMT","<a href=""https://news.google.com/rss/articles/CBMihgJBVV95cUxOdVZ6cG9sUFJyNUVfdW5tNXFEZ1pfZmd0bW5PWFY3QmpYd1NTVi1EWjE0dHktUkl2dzZxWGNIcnZib0VteUx2eTNpekN2OUdia19YOWNqOHY5b0lYSE1WM3JsZ2w3LU9iQ3ctLUVJS3g3OXJlQU5jQ29kZHJFNFBLekplZGVEN3pic0g4a1ZsX0NHLUUteTY0OEozMXE3UkZCaWVZVVppRUdyYmVfVFN0cHp2cjVHdFBrU2oxUTNtMHZiMHRlQ0Zvd2prTVBJUHZRSlctZGlvdmpvQlRiRllIMUdVcDN3eVcwNjdpVFNHczlxMkhJWlk4MU9oUkhYZEEzZlVXT3B3?oc=5"" target=""_blank"">Tower Semiconductor shares jump as company announces Japan expansion to boost silicon photonics capacity</a>&nbsp;&nbsp;<font color=""#6f6f6f"">Proactive financial news</font>",2026-07-24T19:37:46.739222
GoogleNews_FabCapacity,2026 Is The Year Of Semiconductor Capacity Constraints - Forbes,https://news.google.com/rss/articles/CBMirwFBVV95cUxOODBXTGlkS3ZybjR5bFc5YkxjdVYtQ0g4OFk4UlZYdUdSdkZXWElTSUFQaXVPUHZRQzRlMEFpc2tiNGlMNjRUTVc3M05YYzBONW1lc3poMVNlOC1nVHpoTjU1Mm53TUVET2xCaFhvOTB5QWo2a3lMSWdiZ25Ed1JLRWdMY3R6UzIzZWl6X05jSml1WnpFQnVxekhYNmZnYWhDSWs5eXoxMnNZZGZrS1ZB?oc=5,"Mon, 16 Feb 2026 08:00:00 GMT","<a href=""https://news.google.com/rss/articles/CBMirwFBVV95cUxOODBXTGlkS3ZybjR5bFc5YkxjdVYtQ0g4OFk4UlZYdUdSdkZXWElTSUFQaXVPUHZRQzRlMEFpc2tiNGlMNjRUTVc3M05YYzBONW1lc3poMVNlOC1nVHpoTjU1Mm53TUVET2xCaFhvOTB5QWo2a3lMSWdiZ25Ed1JLRWdMY3R6UzIzZWl6X05jSml1WnpFQnVxekhYNmZnYWhDSWs5eXoxMnNZZGZrS1ZB?oc=5"" target=""_blank"">2026 Is The Year Of Semiconductor Capacity Constraints</a>&nbsp;&nbsp;<font color=""#6f6f6f"">Forbes</font>",2026-07-24T19:37:46.739224
GoogleNews_FabCapacity,Tata Electronics and ASML partner to scale semiconductors in India - capacityglobal.com,https://news.google.com/rss/articles/CBMikAFBVV95cUxPVldOZFRVTzBHclI2aVFKbzNWdk1YSVV0LS1adU9QRnQyaVplcERzYnBjTVhFQjB1eUc2S3B4LVhBQzhucndxa0ctTjBPWGxZcFJGLU9fdXEyWVFVYzQwNDNKVkVrckpJLTNoQ2xrVXFFUDVnSG5QMDh3cElDNE5lYjZOZXExQy01b2R5bUJPUDM?oc=5,"Mon, 18 May 2026 07:00:00 GMT","<a href=""https://news.google.com/rss/articles/CBMikAFBVV95cUxPVldOZFRVTzBHclI2aVFKbzNWdk1YSVV0LS1adU9QRnQyaVplcERzYnBjTVhFQjB1eUc2S3B4LVhBQzhucndxa0ctTjBPWGxZcFJGLU9fdXEyWVFVYzQwNDNKVkVrckpJLTNoQ2xrVXFFUDVnSG5QMDh3cElDNE5lYjZOZXExQy01b2R5bUJPUDM?oc=5"" target=""_blank"">Tata Electronics and ASML partner to scale semiconductors in India</a>&nbsp;&nbsp;<font color=""#6f6f6f"">capacityglobal.com</font>",2026-07-24T19:37:46.739227
GoogleNews_FabCapacity,TSM Stock Jumps Overnight On Reports Of Foundry Price Hike Amid Massive Capacity Expansion - TradingView,https://news.google.com/rss/articles/CBMi5AFBVV95cUxQTTdjTDZJUWROcFphYlNpMVBMZnVmdVNzT1BkUENsVTluRXVyVzFGakloWE02eUlra1U1QnlTTV8zR2t2SnNDbTVrY3dkLVFraHVfdnlNVUZPWk44RU5fZUI3djdHQkFHcHZuUEsxUEFNN1hsMHhudHlUMXYyXzgyVXd1VVpWQWlYdGc0VkFDR0JlUFBjRmh5ZS1tTVctWnkyWU9ZdjdjYjFzSlRjSVJvQW9keF90V2UtT0RzWmJ2S1hLN2ctQnlwSmNBODI4ZEsyZmtrMnFGWG5WZzdPRzZ4SWhiSUc?oc=5,"Wed, 24 Jun 2026 07:00:00 GMT","<a href=""https://news.google.com/rss/articles/CBMi5AFBVV95cUxQTTdjTDZJUWROcFphYlNpMVBMZnVmdVNzT1BkUENsVTluRXVyVzFGakloWE02eUlra1U1QnlTTV8zR2t2SnNDbTVrY3dkLVFraHVfdnlNVUZPWk44RU5fZUI3djdHQkFHcHZuUEsxUEFNN1hsMHhudHlUMXYyXzgyVXd1VVpWQWlYdGc0VkFDR0JlUFBjRmh5ZS1tTVctWnkyWU9ZdjdjYjFzSlRjSVJvQW9keF90V2UtT0RzWmJ2S1hLN2ctQnlwSmNBODI4ZEsyZmtrMnFGWG5WZzdPRzZ4SWhiSUc?oc=5"" target=""_blank"">TSM Stock Jumps Overnight On Reports Of Foundry Price Hike Amid Massive Capacity Expansion</a>&nbsp;&nbsp;<font color=""#6f6f6f"">TradingView</font>",2026-07-24T19:37:46.739229
GoogleNews_FabCapacity,Taiwan Strikes Deal to Restore Chip Manufacturing to Arizona - The Heritage Foundation,https://news.google.com/rss/articles/CBMirwFBVV95cUxOUm9TbEM5X1ZLTl82d21iOXlDZDZLNTFYTGpTMjhTRlJ6YzFnYkVrcXc0U3ozYlk4SmNxSVZqa3VNVEV2WGxfbUtaUE96VkpIdmZPSVF0bkVCdUI2cm9PRk5STzNiS2NVTjJpT3NkQzVYNFM1MnJYamFZSkljR0ZDNEZwdEluNzVDYnUyajZHZHhNRDRpTXdWNk5QTUI4QTlmekZXNHZ5WDJjTlptbjJ3?oc=5,"Fri, 29 May 2026 20:23:10 GMT","<a href=""https://news.google.com/rss/articles/CBMirwFBVV95cUxOUm9TbEM5X1ZLTl82d21iOXlDZDZLNTFYTGpTMjhTRlJ6YzFnYkVrcXc0U3ozYlk4SmNxSVZqa3VNVEV2WGxfbUtaUE96VkpIdmZPSVF0bkVCdUI2cm9PRk5STzNiS2NVTjJpT3NkQzVYNFM1MnJYamFZSkljR0ZDNEZwdEluNzVDYnUyajZHZHhNRDRpTXdWNk5QTUI4QTlmekZXNHZ5WDJjTlptbjJ3?oc=5"" target=""_blank"">Taiwan Strikes Deal to Restore Chip Manufacturing to Arizona</a>&nbsp;&nbsp;<font color=""#6f6f6f"">The Heritage Foundation</font>",2026-07-24T19:37:46.739231
GoogleNews_FabCapacity,"Fluoropolymers in Semiconductor Manufacturing Market, 2035 - Global Market Insights Inc.",https://news.google.com/rss/articles/CBMingFBVV95cUxOYnp2VEJNTFBlWkRkOW5HYy1zQ1VEQThQVnJYOHBxNElEZTJrb3JKR0w3MzFNRkRMV2g3VnZuUlpWTHpfbXl1eHZ5cFVfaWV0bXRNOHlJRFdSckl1T1FON2l3LS01Y1RHaDNVUlgzbklpYUZJb2h5TE15dF93cWdMZDl6NlFwbm1QM2syR0x4SFZSWGVENHpXNHJnZllpZw?oc=5,"Fri, 06 Feb 2026 06:33:46 GMT","<a href=""https://news.google.com/rss/articles/CBMingFBVV95cUxOYnp2VEJNTFBlWkRkOW5HYy1zQ1VEQThQVnJYOHBxNElEZTJrb3JKR0w3MzFNRkRMV2g3VnZuUlpWTHpfbXl1eHZ5cFVfaWV0bXRNOHlJRFdSckl1T1FON2l3LS01Y1RHaDNVUlgzbklpYUZJb2h5TE15dF93cWdMZDl6NlFwbm1QM2syR0x4SFZSWGVENHpXNHJnZllpZw?oc=5"" target=""_blank"">Fluoropolymers in Semiconductor Manufacturing Market, 2035</a>&nbsp;&nbsp;<font color=""#6f6f6f"">Global Market Insights Inc.</font>",2026-07-24T19:37:46.739234
GoogleNews_FabCapacity,SpaceX Moving Forward With Plan To Build $55bn Semiconductor Foundry in Texas - Electropages,https://news.google.com/rss/articles/CBMiqwFBVV95cUxNQXVobzM1R0MwNGZTU1NwRTZ0UmYta3JNeGVENWt0cnMyNklOX1dDUXphTXpJV2JMWUhTd3BJZkJSQ2tES2diRV9oNXd3QjNiSThad0Znel9GTDFxcUlLZ1pxSFREdnNkTV9rMzdsVnJvWmpxdkdoTGpFZ1k1QS1RZ1pOQUI5MUJCSDFGMjJFYklxWWxSVmR2Q2J2Q2pnUWlqcTdHZzBHM2htWkU?oc=5,"Tue, 12 May 2026 07:00:00 GMT","<a href=""https://news.google.com/rss/articles/CBMiqwFBVV95cUxNQXVobzM1R0MwNGZTU1NwRTZ0UmYta3JNeGVENWt0cnMyNklOX1dDUXphTXpJV2JMWUhTd3BJZkJSQ2tES2diRV9oNXd3QjNiSThad0Znel9GTDFxcUlLZ1pxSFREdnNkTV9rMzdsVnJvWmpxdkdoTGpFZ1k1QS1RZ1pOQUI5MUJCSDFGMjJFYklxWWxSVmR2Q2J2Q2pnUWlqcTdHZzBHM2htWkU?oc=5"" target=""_blank"">SpaceX Moving Forward With Plan To Build $55bn Semiconductor Foundry in Texas</a>&nbsp;&nbsp;<font color=""#6f6f6f"">Electropages</font>",2026-07-24T19:37:46.739236
GoogleNews_FabCapacity,Semiconductor Policy Push Expands Capacity but Extends Lead Times - Astute Group,https://news.google.com/rss/articles/CBMiqwFBVV95cUxOSVowbF9IRXZ6U0R5ekZaQ2ZGVU1YaFlHOFg3OUo4cFVDMGQ4Z1ZjcHFOZnN2TjBsRFBZNXplTElKU2ZQM3oxZkNjOHhsS0hCNXp3TUh3SDQyN0JSajE5ZC1vcVRMMmZjZ0ZTcHVFWC1DLVA5NWtidllPMi1aQno2aEVqQ1hkU2pXdG14anV5Y04zaFY1dndFdkhIMGlkWEVnMkRpcXNqZGI1VFk?oc=5,"Tue, 05 May 2026 07:00:00 GMT","<a href=""https://news.google.com/rss/articles/CBMiqwFBVV95cUxOSVowbF9IRXZ6U0R5ekZaQ2ZGVU1YaFlHOFg3OUo4cFVDMGQ4Z1ZjcHFOZnN2TjBsRFBZNXplTElKU2ZQM3oxZkNjOHhsS0hCNXp3TUh3SDQyN0JSajE5ZC1vcVRMMmZjZ0ZTcHVFWC1DLVA5NWtidllPMi1aQno2aEVqQ1hkU2pXdG14anV5Y04zaFY1dndFdkhIMGlkWEVnMkRpcXNqZGI1VFk?oc=5"" target=""_blank"">Semiconductor Policy Push Expands Capacity but Extends Lead Times</a>&nbsp;&nbsp;<font color=""#6f6f6f"">Astute Group</font>",2026-07-24T19:37:46.739238
GoogleNews_FabCapacity,"SMIC to add wafer capacity to meet strong chip demand, warns of margin hit - Reuters",https://news.google.com/rss/articles/CBMipwFBVV95cUxPcDdCSmVmY0lTeVVMMHJvZkxFZlNnYUtHaTI0YzBpOHA3QVVjS1lWV3lDTHlaN2xENzZkZnJNNDRMSGp2djU5N0lvSkRDWTZLd2NDVDBYWVluRmc1UWxsV1NKOUl0YlF5cXZYR0VGREJRN3V4bWJfcmxFUTIwdFBObUlWUjdvTmhFeHd4YTlfaHA5UC1xR3JtM0NGNndnVTdLdXNDck85OA?oc=5,"Tue, 10 Feb 2026 08:00:00 GMT","<a href=""https://news.google.com/rss/articles/CBMipwFBVV95cUxPcDdCSmVmY0lTeVVMMHJvZkxFZlNnYUtHaTI0YzBpOHA3QVVjS1lWV3lDTHlaN2xENzZkZnJNNDRMSGp2djU5N0lvSkRDWTZLd2NDVDBYWVluRmc1UWxsV1NKOUl0YlF5cXZYR0VGREJRN3V4bWJfcmxFUTIwdFBObUlWUjdvTmhFeHd4YTlfaHA5UC1xR3JtM0NGNndnVTdLdXNDck85OA?oc=5"" target=""_blank"">SMIC to add wafer capacity to meet strong chip demand, warns of margin hit</a>&nbsp;&nbsp;<font color=""#6f6f6f"">Reuters</font>",2026-07-24T19:37:46.739241
GoogleNews_FabCapacity,"Foundryecosystem Report: Capacity Shortages, Fabs, ASE, ATE - Semiecosystem",https://news.google.com/rss/articles/CBMidkFVX3lxTE55RzZHbEFvOEh6eTJiWlhLQzFQR0hLa0ljVXBkVnNjWVZvUTdBandJenk2dWwyMVVwNFYwOGlEWmRBbVhWWUZRcDd1Z2stQkoySTVZTVVYYzdTQUFYTC16VHk0Ymw2UFFhVmdrakJJakVONkdzcFE?oc=5,"Sun, 29 Mar 2026 07:00:00 GMT","<a href=""https://news.google.com/rss/articles/CBMidkFVX3lxTE55RzZHbEFvOEh6eTJiWlhLQzFQR0hLa0ljVXBkVnNjWVZvUTdBandJenk2dWwyMVVwNFYwOGlEWmRBbVhWWUZRcDd1Z2stQkoySTVZTVVYYzdTQUFYTC16VHk0Ymw2UFFhVmdrakJJakVONkdzcFE?oc=5"" target=""_blank"">Foundryecosystem Report: Capacity Shortages, Fabs, ASE, ATE</a>&nbsp;&nbsp;<font color=""#6f6f6f"">Semiecosystem</font>",2026-07-24T19:37:46.739243
GoogleNews_FabCapacity,Semiconductor Fabs Announce New Plans to Rebalance Capacity and Control - All About Circuits,https://news.google.com/rss/articles/CBMipgFBVV95cUxQVzM1MHRVcGliejkwaWROc1hJeTRCNkh5Q3NKRTd0NXBRQmxPUzl2WExCQ2pXQktpaDU5QmF2d2FCM29PLWRZOWtydk5QN0JXdGFzb0lnTWx0dmtUNUhGcGFmQ2pQbXdvODF3dHFhYkh3Ny1qZEdaanBoalo1UWY4ZlJjTEM1bUQycFVsWGFUTWZmbUpBeHQ0OFpUalRONTRYTE1wbUZR?oc=5,"Thu, 29 Jan 2026 08:00:00 GMT","<a href=""https://news.google.com/rss/articles/CBMipgFBVV95cUxQVzM1MHRVcGliejkwaWROc1hJeTRCNkh5Q3NKRTd0NXBRQmxPUzl2WExCQ2pXQktpaDU5QmF2d2FCM29PLWRZOWtydk5QN0JXdGFzb0lnTWx0dmtUNUhGcGFmQ2pQbXdvODF3dHFhYkh3Ny1qZEdaanBoalo1UWY4ZlJjTEM1bUQycFVsWGFUTWZmbUpBeHQ0OFpUalRONTRYTE1wbUZR?oc=5"" target=""_blank"">Semiconductor Fabs Announce New Plans to Rebalance Capacity and Control</a>&nbsp;&nbsp;<font color=""#6f6f6f"">All About Circuits</font>",2026-07-24T19:37:46.739245
GoogleNews_FabCapacity,Taiwan pushes back on Washington’s aggressive chip relocation demands - South China Morning Post,https://news.google.com/rss/articles/CBMiuAFBVV95cUxOWkQwUVR3bHI2SG51cUc4WmlaZTNLYnVSVEpldGpwbGhSdGxhNW96bktaYWFHOVJva2R1TEpVaGE0b3hUaUNUM3NLeF92VTFZVlp0WW16NHlDSG9sRnFoZ1RDYlpPUXdJMndpMUdHZnhGLXJtV3gwVkhxZzYyMzNhNnNMWFBsbVd3cC1wVnUyOGlSODJ0c054cFpLV3VHTldtQmlid2pDbm9zU3FPNk4zZU5SR3Zibzdr0gG4AUFVX3lxTE9pSFdJc1JBMkpCZ2c5NURIZWFBcmw2UVVYUTNVUk9SRXlPLVkxaTBnVWdyWmxMT0NBQkNWS0RIMEpKX1JUY3hjSTlodGRCUFU5bGFMNy16NURTbkNRMjVPWU5QQkZGMDc4eThjb2Q5U3NjVzhFT3dfOFRvNmRZM0FZWWVlMlFLWWROQjNxVGJDNldYVEtncllLYVc2ZGtkRllLZHpjNWhfSmFOdkJaNTc2SmVKU2gyTW0?oc=5,"Tue, 10 Feb 2026 08:00:00 GMT","<a href=""https://news.google.com/rss/articles/CBMiuAFBVV95cUxOWkQwUVR3bHI2SG51cUc4WmlaZTNLYnVSVEpldGpwbGhSdGxhNW96bktaYWFHOVJva2R1TEpVaGE0b3hUaUNUM3NLeF92VTFZVlp0WW16NHlDSG9sRnFoZ1RDYlpPUXdJMndpMUdHZnhGLXJtV3gwVkhxZzYyMzNhNnNMWFBsbVd3cC1wVnUyOGlSODJ0c054cFpLV3VHTldtQmlid2pDbm9zU3FPNk4zZU5SR3Zibzdr0gG4AUFVX3lxTE9pSFdJc1JBMkpCZ2c5NURIZWFBcmw2UVVYUTNVUk9SRXlPLVkxaTBnVWdyWmxMT0NBQkNWS0RIMEpKX1JUY3hjSTlodGRCUFU5bGFMNy16NURTbkNRMjVPWU5QQkZGMDc4eThjb2Q5U3NjVzhFT3dfOFRvNmRZM0FZWWVlMlFLWWROQjNxVGJDNldYVEtncllLYVc2ZGtkRllLZHpjNWhfSmFOdkJaNTc2SmVKU2gyTW0?oc=5"" target=""_blank"">Taiwan pushes back on Washington’s aggressive chip relocation demands</a>&nbsp;&nbsp;<font color=""#6f6f6f"">South China Morning Post</font>",2026-07-24T19:37:46.739247
GoogleNews_FabCapacity,China's SMIC says foreign clients shifting orders back to China - Reuters,https://news.google.com/rss/articles/CBMiqwFBVV95cUxNRmhLQnUwLTNtTnBRNW1FWVdtYVpqZUFVaW40UThRMFY1NHNpRGZHdnpaNUh6N21VV3JfMHhoVkQ2dldDTUlIWTdnQmZ1TTU0UUF4OXhaOVYyaEhzZy1nejZ3Tm91bXNJN0tUbV9PUFc3YldrbERCa0tnVTdlc2d5NzZOZUtlTFpRVzZYbkhwMmp5SllKRnBja3psRmNRV2t6b1lFbU9Oa2ZFYms?oc=5,"Fri, 15 May 2026 07:00:00 GMT","<a href=""https://news.google.com/rss/articles/CBMiqwFBVV95cUxNRmhLQnUwLTNtTnBRNW1FWVdtYVpqZUFVaW40UThRMFY1NHNpRGZHdnpaNUh6N21VV3JfMHhoVkQ2dldDTUlIWTdnQmZ1TTU0UUF4OXhaOVYyaEhzZy1nejZ3Tm91bXNJN0tUbV9PUFc3YldrbERCa0tnVTdlc2d5NzZOZUtlTFpRVzZYbkhwMmp5SllKRnBja3psRmNRV2t6b1lFbU9Oa2ZFYms?oc=5"" target=""_blank"">China's SMIC says foreign clients shifting orders back to China</a>&nbsp;&nbsp;<font color=""#6f6f6f"">Reuters</font>",2026-07-24T19:37:46.739250
GoogleNews_FabCapacity,China’s chipmaking supply chain runs through Southeast Asia - East Asia Forum,https://news.google.com/rss/articles/CBMinAFBVV95cUxNWWdVVDFuMy1ndFBFYWg1WlM0eHhkZGtBVFFfY3hQVzJGYlp6Sk9KU0ZYbEt6ZDJRZ2VodDNxVlVqRVMzQTVIYXZSLTRtcnh0TE9IX1dSUW1jci01Qmd6UHd3b3N6dUNGcDhobHl5LWJaVS10ZUp2TjlVZk54QXBOVTNRaU82M1BiUVgtSi1aNTZ6d2tVSVZyb2RRYW4?oc=5,"Sat, 20 Jun 2026 07:00:00 GMT","<a href=""https://news.google.com/rss/articles/CBMinAFBVV95cUxNWWdVVDFuMy1ndFBFYWg1WlM0eHhkZGtBVFFfY3hQVzJGYlp6Sk9KU0ZYbEt6ZDJRZ2VodDNxVlVqRVMzQTVIYXZSLTRtcnh0TE9IX1dSUW1jci01Qmd6UHd3b3N6dUNGcDhobHl5LWJaVS10ZUp2TjlVZk54QXBOVTNRaU82M1BiUVgtSi1aNTZ6d2tVSVZyb2RRYW4?oc=5"" target=""_blank"">China’s chipmaking supply chain runs through Southeast Asia</a>&nbsp;&nbsp;<font color=""#6f6f6f"">East Asia Forum</font>",2026-07-24T19:37:46.739252
GoogleNews_FabCapacity,TSMC says global chip market to hit $1.5 trillion by 2030 as AI drives growth - Reuters,https://news.google.com/rss/articles/CBMiwgFBVV95cUxQVUh3UjVGTi1HbGJ6WC1hSmtfTkx6dU5BMEpsQkpsSlZWeGVYanJZencxb0dCX2JLTkZISmF0WXFNZUpjNUxVd0F3S3haZWRRX2NOdjZzNUlRY1MxcWxicDlpUnRIcTRJWE9ieTctT3N2WDlFNFUzZzhTU2JQQ05uSmZqcEh5NFVFTVNPS1RzWVdvamt0NGJsbmJFOHNsUjZzN2Z5b2F2eHBIYWxjWk1NOXFzVTlHYUk0LUFkYlR0T3NjUQ?oc=5,"Wed, 13 May 2026 07:00:00 GMT","<a href=""https://news.google.com/rss/articles/CBMiwgFBVV95cUxQVUh3UjVGTi1HbGJ6WC1hSmtfTkx6dU5BMEpsQkpsSlZWeGVYanJZencxb0dCX2JLTkZISmF0WXFNZUpjNUxVd0F3S3haZWRRX2NOdjZzNUlRY1MxcWxicDlpUnRIcTRJWE9ieTctT3N2WDlFNFUzZzhTU2JQQ05uSmZqcEh5NFVFTVNPS1RzWVdvamt0NGJsbmJFOHNsUjZzN2Z5b2F2eHBIYWxjWk1NOXFzVTlHYUk0LUFkYlR0T3NjUQ?oc=5"" target=""_blank"">TSMC says global chip market to hit $1.5 trillion by 2030 as AI drives growth</a>&nbsp;&nbsp;<font color=""#6f6f6f"">Reuters</font>",2026-07-24T19:37:46.739255
GoogleNews_FabCapacity,"Foundryecosystem Report: Terafab; capacity, EUV, GaN - Semiecosystem",https://news.google.com/rss/articles/CBMigAFBVV95cUxPcW9yUWlSUnlkOHpSN1YwbFE5clBZMEVPb1FLdmJoOGF6MkF6Sy1JSUFldzVVcVIwdWZBV1Z1N2pXbHAzaW9TSWwwX2RvTGllRW9RcFRxMEpIel9CV0Z6VnV6VXBxWVpMYW5EY2pEUDM3dmJoZk9yOExMdG4tY3k5OA?oc=5,"Fri, 08 May 2026 07:00:00 GMT","<a href=""https://news.google.com/rss/articles/CBMigAFBVV95cUxPcW9yUWlSUnlkOHpSN1YwbFE5clBZMEVPb1FLdmJoOGF6MkF6Sy1JSUFldzVVcVIwdWZBV1Z1N2pXbHAzaW9TSWwwX2RvTGllRW9RcFRxMEpIel9CV0Z6VnV6VXBxWVpMYW5EY2pEUDM3dmJoZk9yOExMdG4tY3k5OA?oc=5"" target=""_blank"">Foundryecosystem Report: Terafab; capacity, EUV, GaN</a>&nbsp;&nbsp;<font color=""#6f6f6f"">Semiecosystem</font>",2026-07-24T19:37:46.739257
GoogleNews_FabCapacity,SpaceX plans $55bn Terafab chip facility in Texas - gasworld,https://news.google.com/rss/articles/CBMinAFBVV95cUxNOG1HaDVrcW9LZ1p5azJhcnFzdTk4QTZUVWdDN0dFeG1DQm5ELV83bml3eDRoVGotZGk0OXotc1NUeUMyMVp5bmVvVXp3WS1tRE5FVjAzS3dNWTRteHRSaFdJRS1wcnJ6dnVPYWNWQWNxeUZtSFBLeGk1MUNvM19BQzVoakJXaUhLdmozTFk5MjdGNlBjNGJuYk9nM1o?oc=5,"Wed, 06 May 2026 07:00:00 GMT","<a href=""https://news.google.com/rss/articles/CBMinAFBVV95cUxNOG1HaDVrcW9LZ1p5azJhcnFzdTk4QTZUVWdDN0dFeG1DQm5ELV83bml3eDRoVGotZGk0OXotc1NUeUMyMVp5bmVvVXp3WS1tRE5FVjAzS3dNWTRteHRSaFdJRS1wcnJ6dnVPYWNWQWNxeUZtSFBLeGk1MUNvM19BQzVoakJXaUhLdmozTFk5MjdGNlBjNGJuYk9nM1o?oc=5"" target=""_blank"">SpaceX plans $55bn Terafab chip facility in Texas</a>&nbsp;&nbsp;<font color=""#6f6f6f"">gasworld</font>",2026-07-24T19:37:46.739259
GoogleNews_FabCapacity,AOI wins $20.85m state grant for semiconductor capacity expansion - gasworld,https://news.google.com/rss/articles/CBMisgFBVV95cUxPTEZRVXEtcjB0MS1iZDFOY0tKVFBhRUNUNDVBb0NiN2ZzTExKOTdaWE5OUDVoQzd6cmpid3ZOMDgtLWYyaHppN1llZU5DSXhQU3dHR2pCeUE5X3NSMklUbW5RNFR0QWltMnNZMzU5VGNxODZaTVdMV0t6UGcxMi04Q0FFbjRnTjRrU0d4QlZPb2VmX3l4T0Y4bTE4OGpJcDZhQk9jYzAzUzd5azhSb25QcGx3?oc=5,"Mon, 04 May 2026 07:00:00 GMT","<a href=""https://news.google.com/rss/articles/CBMisgFBVV95cUxPTEZRVXEtcjB0MS1iZDFOY0tKVFBhRUNUNDVBb0NiN2ZzTExKOTdaWE5OUDVoQzd6cmpid3ZOMDgtLWYyaHppN1llZU5DSXhQU3dHR2pCeUE5X3NSMklUbW5RNFR0QWltMnNZMzU5VGNxODZaTVdMV0t6UGcxMi04Q0FFbjRnTjRrU0d4QlZPb2VmX3l4T0Y4bTE4OGpJcDZhQk9jYzAzUzd5azhSb25QcGx3?oc=5"" target=""_blank"">AOI wins $20.85m state grant for semiconductor capacity expansion</a>&nbsp;&nbsp;<font color=""#6f6f6f"">gasworld</font>",2026-07-24T19:37:46.739261
GoogleNews_FabCapacity,Strategic Redundancy in Semiconductor Supply Chains: How US-India Cooperation Transforms Global Chip Resilience - The SAIS Review of International Affairs,https://news.google.com/rss/articles/CBMi2wFBVV95cUxQTTVucjZDN0dnZW1iV1NJYzFycENhal92elNtc1U4RFktQVFrSTA0OXVrSk9WZC1xSUVvaWhtZHhjWkdJZ0pOS0RjUXY0MlpaSUw2Z09SNDNPTWhleEhJWVRlLXlhaC1GUG1rV3ctdE1KTnlxV2ROcFhHMnFLRmh6WWVSYVBIczFvR25VTl81azVNS0Q0dnFfZnhQVlhJbXhHczBNUDYxb0JUc1VKSHBzRjZMLVZrTU9ta3dXU2pETU9ZRnBBY3IyZlh4NFBkZ3JzSXBaRy1QaTk4dkk?oc=5,"Tue, 16 Dec 2025 08:00:00 GMT","<a href=""https://news.google.com/rss/articles/CBMi2wFBVV95cUxQTTVucjZDN0dnZW1iV1NJYzFycENhal92elNtc1U4RFktQVFrSTA0OXVrSk9WZC1xSUVvaWhtZHhjWkdJZ0pOS0RjUXY0MlpaSUw2Z09SNDNPTWhleEhJWVRlLXlhaC1GUG1rV3ctdE1KTnlxV2ROcFhHMnFLRmh6WWVSYVBIczFvR25VTl81azVNS0Q0dnFfZnhQVlhJbXhHczBNUDYxb0JUc1VKSHBzRjZMLVZrTU9ta3dXU2pETU9ZRnBBY3IyZlh4NFBkZ3JzSXBaRy1QaTk4dkk?oc=5"" target=""_blank"">Strategic Redundancy in Semiconductor Supply Chains: How US-India Cooperation Transforms Global Chip Resilience</a>&nbsp;&nbsp;<font color=""#6f6f6f"">The SAIS Review of International Affairs</font>",2026-07-24T19:37:46.739264
GoogleNews_FabCapacity,TSMC's Phoenix Fab 21 Expansion Strengthens U.S. Semiconductor Ma... - Industrial Info Resources,https://news.google.com/rss/articles/CBMi3AFBVV95cUxQaW1MZTYxOTROdklMaE9URkRIall2Rm00aDNNUEdCQlJHVjUwT1hocDZ4TzVERm1tTXJjV01WNVlwM3lsZHB2ZElQajRGcXJqdHd3VXN1V281UUpPR2ZCRnRyRW9WeVVGdVg5cjdQWHBKQUZEUm1CaEljWU4zZXFIV3NlTWotWmxyczRkNUxPdjY0dGdVWTBCYXFCOWlWOGdlalppWE94OHZtTmZZM2xOVzFJcHc0cFhibm5hRm5uZzg1aU5OdEQyZnMyelRQb0syd1B1RHdUb2VhWWRY?oc=5,"Tue, 13 Jan 2026 08:00:00 GMT","<a href=""https://news.google.com/rss/articles/CBMi3AFBVV95cUxQaW1MZTYxOTROdklMaE9URkRIall2Rm00aDNNUEdCQlJHVjUwT1hocDZ4TzVERm1tTXJjV01WNVlwM3lsZHB2ZElQajRGcXJqdHd3VXN1V281UUpPR2ZCRnRyRW9WeVVGdVg5cjdQWHBKQUZEUm1CaEljWU4zZXFIV3NlTWotWmxyczRkNUxPdjY0dGdVWTBCYXFCOWlWOGdlalppWE94OHZtTmZZM2xOVzFJcHc0cFhibm5hRm5uZzg1aU5OdEQyZnMyelRQb0syd1B1RHdUb2VhWWRY?oc=5"" target=""_blank"">TSMC's Phoenix Fab 21 Expansion Strengthens U.S. Semiconductor Ma...</a>&nbsp;&nbsp;<font color=""#6f6f6f"">Industrial Info Resources</font>",2026-07-24T19:37:46.739266
GoogleNews_FabCapacity,SpaceX secures tax break for $55bn Terafab semiconductor facility - Cleanroom Technology,https://news.google.com/rss/articles/CBMikAFBVV95cUxNYV9lQW54V0RnYnMxMWwyRndSSE1UVnQ0bnVLMVVBSEoyWnpweGIyNGJoR3ppamhiVmx3VTFaSGE4bEU2OVkzMDIyQ0FtOWlJQWJVQnZFd1lfSFRGUDgwZV9yamlzU0pvNUZUSG12LUhuTjNvemptU2d6a21RUkEtVmpTeGpPQ3FxUFlIbXhRLWc?oc=5,"Fri, 05 Jun 2026 07:00:00 GMT","<a href=""https://news.google.com/rss/articles/CBMikAFBVV95cUxNYV9lQW54V0RnYnMxMWwyRndSSE1UVnQ0bnVLMVVBSEoyWnpweGIyNGJoR3ppamhiVmx3VTFaSGE4bEU2OVkzMDIyQ0FtOWlJQWJVQnZFd1lfSFRGUDgwZV9yamlzU0pvNUZUSG12LUhuTjNvemptU2d6a21RUkEtVmpTeGpPQ3FxUFlIbXhRLWc?oc=5"" target=""_blank"">SpaceX secures tax break for $55bn Terafab semiconductor facility</a>&nbsp;&nbsp;<font color=""#6f6f6f"">Cleanroom Technology</font>",2026-07-24T19:37:46.739268
GoogleNews_FabCapacity,‘Not afraid’: TSMC brushes off mainland chip rivals amid AI boom - South China Morning Post,https://news.google.com/rss/articles/CBMioAFBVV95cUxPdVJNUFFob2NTSDVLcXVmZkFaRnVNNVNuMW80OWh0R1daLUNKTFpObEtpdTNLNmpVbmxKWUljOFdLVkY1QWwzQm94SDYyaDZKMV94aUxkb0RUdW5LNWlOdEtteHV4MVpYdmpOSEhQVG5fb185WDh3ZHZfYjZCeFhSVUtEOGpJamNTUkJWVnUxMS1jckJHMjFpelQ2OHhMem11?oc=5,"Thu, 04 Jun 2026 07:00:00 GMT","<a href=""https://news.google.com/rss/articles/CBMioAFBVV95cUxPdVJNUFFob2NTSDVLcXVmZkFaRnVNNVNuMW80OWh0R1daLUNKTFpObEtpdTNLNmpVbmxKWUljOFdLVkY1QWwzQm94SDYyaDZKMV94aUxkb0RUdW5LNWlOdEtteHV4MVpYdmpOSEhQVG5fb185WDh3ZHZfYjZCeFhSVUtEOGpJamNTUkJWVnUxMS1jckJHMjFpelQ2OHhMem11?oc=5"" target=""_blank"">‘Not afraid’: TSMC brushes off mainland chip rivals amid AI boom</a>&nbsp;&nbsp;<font color=""#6f6f6f"">South China Morning Post</font>",2026-07-24T19:37:46.739270
GoogleNews_FabCapacity,Taiwan rejects possibility of transferring 40% of the island's semiconductor capacity to U.S. — production on Taiwan expected to increase in lockstep with increases in U.S.-based production - Tom's Hardware,https://news.google.com/rss/articles/CBMi6AJBVV95cUxPaUpDellVN0ZyY2E1SDNJVXBWN0dYaGVNT0tmbm9qV3VvaDNiR0FILWNKWFdnNVpsam5BcFlOT0lQLVREVzlwekVTUGdZMTlWb08zUm9pWlNST1ZFYkhMNFhzSk9GNXhWNml6T2dtMFJQMVRuU2M4MXZucmpEVUJDcENPOGN1RGFVVThBNHN6Nlo1Qk5ueFB3T0s4bi02SWh2Z01yQm1ITjJuMUo4YkFkYUtrQWVEckFBcUlBNkt6dm9wUDM4Y3B0ak1RTFV5OUF6Rk9rSGRpOTNuZ2tjSFh0aFQ4cHRIZl9mTlFtM2lBcDk1MGpseDM0OGdVNmtMZ3NhakxNMl9YOUhpdV8xeFZ5dTBRakI0MlVHcGpMX3drVlA3VlpoTjE0NUNpaE5MQXVyemZuN1I3OWZMRzFidkhtdjhQUEpaSE04NU5LQ05fY0ZiRjFTZTJXSzB4b3Y5Vlhld1ZscGIzbUg?oc=5,"Mon, 09 Feb 2026 08:00:00 GMT","<a href=""https://news.google.com/rss/articles/CBMi6AJBVV95cUxPaUpDellVN0ZyY2E1SDNJVXBWN0dYaGVNT0tmbm9qV3VvaDNiR0FILWNKWFdnNVpsam5BcFlOT0lQLVREVzlwekVTUGdZMTlWb08zUm9pWlNST1ZFYkhMNFhzSk9GNXhWNml6T2dtMFJQMVRuU2M4MXZucmpEVUJDcENPOGN1RGFVVThBNHN6Nlo1Qk5ueFB3T0s4bi02SWh2Z01yQm1ITjJuMUo4YkFkYUtrQWVEckFBcUlBNkt6dm9wUDM4Y3B0ak1RTFV5OUF6Rk9rSGRpOTNuZ2tjSFh0aFQ4cHRIZl9mTlFtM2lBcDk1MGpseDM0OGdVNmtMZ3NhakxNMl9YOUhpdV8xeFZ5dTBRakI0MlVHcGpMX3drVlA3VlpoTjE0NUNpaE5MQXVyemZuN1I3OWZMRzFidkhtdjhQUEpaSE04NU5LQ05fY0ZiRjFTZTJXSzB4b3Y5Vlhld1ZscGIzbUg?oc=5"" target=""_blank"">Taiwan rejects possibility of transferring 40% of the island's semiconductor capacity to U.S. — production on Taiwan expected to increase in lockstep with increases in U.S.-based production</a>&nbsp;&nbsp;<font color=""#6f6f6f"">Tom's Hardware</font>",2026-07-24T19:37:46.739273
GoogleNews_FabCapacity,Musk Pulls the Trigger on the TeraFab - Brownstone Research,https://news.google.com/rss/articles/CBMikAFBVV95cUxPWHJWX1JRdzN1bnpPZWh3Y05BTWt4N0NlRlBPanNFTXdqYXZhU2VJUU1reTJzOVJkNUtlWDc4aWtCd1JYRUxLN0VGZTBiZ3VpZjlQRVA4b0VMbFlUeGo4Rmh3V25lWFlTTl9CYWVDMldORXJxWEt4OERuOW1KOUFQYUxxQklJLXkySnVZYzhlQXI?oc=5,"Mon, 16 Mar 2026 07:00:00 GMT","<a href=""https://news.google.com/rss/articles/CBMikAFBVV95cUxPWHJWX1JRdzN1bnpPZWh3Y05BTWt4N0NlRlBPanNFTXdqYXZhU2VJUU1reTJzOVJkNUtlWDc4aWtCd1JYRUxLN0VGZTBiZ3VpZjlQRVA4b0VMbFlUeGo4Rmh3V25lWFlTTl9CYWVDMldORXJxWEt4OERuOW1KOUFQYUxxQklJLXkySnVZYzhlQXI?oc=5"" target=""_blank"">Musk Pulls the Trigger on the TeraFab</a>&nbsp;&nbsp;<font color=""#6f6f6f"">Brownstone Research</font>",2026-07-24T19:37:46.739275
GoogleNews_FabCapacity,Infineon opens new Smart Power Fab in Dresden - electrive.com,https://news.google.com/rss/articles/CBMiiwFBVV95cUxQQW1RMnJPNVh1T0N3dTVFcjRXWlR2MnBDTTA2bXA3V1FhaTBqR25icENvOE44YTRGbDBPUWxTWFpqa1JyX1A4R29BbEY2bFVCTXZ1UFF4bEFaVGNDUXBVLWo5b19tMnMtQ0YxOFF5bkJPOUpRLTV5OTZmdFppZVloVnA1dDFXZ1dlWVlJ?oc=5,"Fri, 03 Jul 2026 07:00:00 GMT","<a href=""https://news.google.com/rss/articles/CBMiiwFBVV95cUxQQW1RMnJPNVh1T0N3dTVFcjRXWlR2MnBDTTA2bXA3V1FhaTBqR25icENvOE44YTRGbDBPUWxTWFpqa1JyX1A4R29BbEY2bFVCTXZ1UFF4bEFaVGNDUXBVLWo5b19tMnMtQ0YxOFF5bkJPOUpRLTV5OTZmdFppZVloVnA1dDFXZ1dlWVlJ?oc=5"" target=""_blank"">Infineon opens new Smart Power Fab in Dresden</a>&nbsp;&nbsp;<font color=""#6f6f6f"">electrive.com</font>",2026-07-24T19:37:46.739277
GoogleNews_FabCapacity,Chip Industry Week in Review - Semiconductor Engineering,https://news.google.com/rss/articles/CBMibkFVX3lxTE1GeE42aTYtaGxvc3RVWWVyRXdXOGRXX2JvRGpVaGxQV3A4TUxiQmxzMkdhNFdPX0R5MzhjOC1XUHZwSHIyWWxFWnowcWdEQ0FaSFRTcE9vbDdwd3pueEZHNFdsd1B1TVVOME5vNGhn?oc=5,"Fri, 01 May 2026 07:00:00 GMT","<a href=""https://news.google.com/rss/articles/CBMibkFVX3lxTE1GeE42aTYtaGxvc3RVWWVyRXdXOGRXX2JvRGpVaGxQV3A4TUxiQmxzMkdhNFdPX0R5MzhjOC1XUHZwSHIyWWxFWnowcWdEQ0FaSFRTcE9vbDdwd3pueEZHNFdsd1B1TVVOME5vNGhn?oc=5"" target=""_blank"">Chip Industry Week in Review</a>&nbsp;&nbsp;<font color=""#6f6f6f"">Semiconductor Engineering</font>",2026-07-24T19:37:46.739279
GoogleNews_FabCapacity,Engineering solutions firm VFabTech launches to solve AI and advanced manufacturing bottlenecks - Cleanroom Technology,https://news.google.com/rss/articles/CBMikgFBVV95cUxNa1RubXViWHdjYVd5djJJTV9EazZLUVhweU9NZEpyLXYyV0VNUEszT20yallJWjRuNEVWTl9pd1gwd3pBekZDT1BxRmRsWEpuYVBlOFpRcFJzcDV3ckVuVEl0VVQ0YlFZcFI2ZDVTUUdMbnU4NXI4NWRXeXV1S3dvTGowNWk0bllLNEx4WFV4VmRfZw?oc=5,"Tue, 14 Apr 2026 07:00:00 GMT","<a href=""https://news.google.com/rss/articles/CBMikgFBVV95cUxNa1RubXViWHdjYVd5djJJTV9EazZLUVhweU9NZEpyLXYyV0VNUEszT20yallJWjRuNEVWTl9pd1gwd3pBekZDT1BxRmRsWEpuYVBlOFpRcFJzcDV3ckVuVEl0VVQ0YlFZcFI2ZDVTUUdMbnU4NXI4NWRXeXV1S3dvTGowNWk0bllLNEx4WFV4VmRfZw?oc=5"" target=""_blank"">Engineering solutions firm VFabTech launches to solve AI and advanced manufacturing bottlenecks</a>&nbsp;&nbsp;<font color=""#6f6f6f"">Cleanroom Technology</font>",2026-07-24T19:37:46.739281
GoogleNews_FabCapacity,Foundry Capacity Is Limiting Who Competes At Leading Edge Nodes - Semiconductor Engineering,https://news.google.com/rss/articles/CBMimgFBVV95cUxOS3B1NWJOT1RrZUdMQjIxOWdTZloyWGE5MTJBekU2RTkydjFuVHNaRHJ5WjZsTmo2bkxDWkt5M3ZhWUpNNlFQT3dZZ3pUb2pwcFozRVpsWVBieFJuZUVMOUZNTUpFanJ6NVJ4b0lSQ3doZnlJSmJOR25CSEhpTmxKMHBHa0lwN2FuYnFnRUl0SnlJRkRuS0RxZVh3?oc=5,"Thu, 30 Apr 2026 07:00:00 GMT","<a href=""https://news.google.com/rss/articles/CBMimgFBVV95cUxOS3B1NWJOT1RrZUdMQjIxOWdTZloyWGE5MTJBekU2RTkydjFuVHNaRHJ5WjZsTmo2bkxDWkt5M3ZhWUpNNlFQT3dZZ3pUb2pwcFozRVpsWVBieFJuZUVMOUZNTUpFanJ6NVJ4b0lSQ3doZnlJSmJOR25CSEhpTmxKMHBHa0lwN2FuYnFnRUl0SnlJRkRuS0RxZVh3?oc=5"" target=""_blank"">Foundry Capacity Is Limiting Who Competes At Leading Edge Nodes</a>&nbsp;&nbsp;<font color=""#6f6f6f"">Semiconductor Engineering</font>",2026-07-24T19:37:46.739284
GoogleNews_FabCapacity,Semiconductor Manufacturing In The AI Era - Semiconductor Engineering,https://news.google.com/rss/articles/CBMiekFVX3lxTFA0OFdSZGdWQjgtR1kxU2lubkdZYXFaOXUzbldadjdYR3ZVS1M2aEpKTWRWU1E1M1VHT2ZuOFA2SFRKek1tQXVoMFQtNnc3VDV3N1FKRWczdjVOczdOSTQ0ZmNXUExRa1l5S1Y3ekNURnN6cFJjQV9YeFdn?oc=5,"Tue, 13 Jan 2026 08:00:00 GMT","<a href=""https://news.google.com/rss/articles/CBMiekFVX3lxTFA0OFdSZGdWQjgtR1kxU2lubkdZYXFaOXUzbldadjdYR3ZVS1M2aEpKTWRWU1E1M1VHT2ZuOFA2SFRKek1tQXVoMFQtNnc3VDV3N1FKRWczdjVOczdOSTQ0ZmNXUExRa1l5S1Y3ekNURnN6cFJjQV9YeFdn?oc=5"" target=""_blank"">Semiconductor Manufacturing In The AI Era</a>&nbsp;&nbsp;<font color=""#6f6f6f"">Semiconductor Engineering</font>",2026-07-24T19:37:46.739286
GoogleNews_FabCapacity,Applied Materials Invests $500 Million To Expand Singapore Manufacturing And R&D For AI Chip Demand - Pulse 2.0,https://news.google.com/rss/articles/CBMiuAFBVV95cUxPUXVuM2Vub1l6V2JhODM4cUI1X1Mxd3BYLWtNaUdQSDJKWXdld0VzRGRaVVpiR1RmR2pObjMzOFVDZTQzanBmX0RjS3hmMHkwcm5OWHNUMU1oRHgzQm9aZkVpYzNVMXY3bng1RHNOeVlRaVhXNlBYV1dJQ0wtNTFvYUMxbmpWN1FCam1zdWQ5R1p4bjJSVnRCT25rT2doc2gxaTRZdXYwU3hpSkRxRjJhaTR5Y1dkWVpM0gG-AUFVX3lxTE94NF80NGlUWDIwNE5PdEkxLUdPZVUyR1kxT2wwMjZKc0ZZZHAyQXEwZXBjY3c3UFpqeWl1djZaZHk4ZVdQMnZiTEpJVXBXdjhqUE56bEdFOHpYOHlYdlRZTi1OamtNdDRrVnFQc0FQZXRITUlabTBQemdkZHNSWXhVR0lSM2M2WDRrUlF4T3dfU29ENzNNM0JUTW9XdHZvR2ZPWmlfUThtbW9FY0h6WEc1cndHZHNiZUp3b3VsTnc?oc=5,"Sat, 13 Jun 2026 07:00:00 GMT","<a href=""https://news.google.com/rss/articles/CBMiuAFBVV95cUxPUXVuM2Vub1l6V2JhODM4cUI1X1Mxd3BYLWtNaUdQSDJKWXdld0VzRGRaVVpiR1RmR2pObjMzOFVDZTQzanBmX0RjS3hmMHkwcm5OWHNUMU1oRHgzQm9aZkVpYzNVMXY3bng1RHNOeVlRaVhXNlBYV1dJQ0wtNTFvYUMxbmpWN1FCam1zdWQ5R1p4bjJSVnRCT25rT2doc2gxaTRZdXYwU3hpSkRxRjJhaTR5Y1dkWVpM0gG-AUFVX3lxTE94NF80NGlUWDIwNE5PdEkxLUdPZVUyR1kxT2wwMjZKc0ZZZHAyQXEwZXBjY3c3UFpqeWl1djZaZHk4ZVdQMnZiTEpJVXBXdjhqUE56bEdFOHpYOHlYdlRZTi1OamtNdDRrVnFQc0FQZXRITUlabTBQemdkZHNSWXhVR0lSM2M2WDRrUlF4T3dfU29ENzNNM0JUTW9XdHZvR2ZPWmlfUThtbW9FY0h6WEc1cndHZHNiZUp3b3VsTnc?oc=5"" target=""_blank"">Applied Materials Invests $500 Million To Expand Singapore Manufacturing And R&amp;D For AI Chip Demand</a>&nbsp;&nbsp;<font color=""#6f6f6f"">Pulse 2.0</font>",2026-07-24T19:37:46.739288
GoogleNews_FabCapacity,Samsung targets 2029 Yongin fab opening - 동아일보,https://news.google.com/rss/articles/CBMiZkFVX3lxTFBLZUF0cGk0U0tBdDZpYlhfTHBybnItT3VJTTRWendSb3hqaEF4U0l5RWtCc1NMT2pjOU5GZUh3YlJvSFVlN0k0SkkyZWRmOTI0WVFSSDJfSDN4Uml6MjhYNy1leXUydw?oc=5,"Sun, 12 Jul 2026 23:38:02 GMT","<a href=""https://news.google.com/rss/articles/CBMiZkFVX3lxTFBLZUF0cGk0U0tBdDZpYlhfTHBybnItT3VJTTRWendSb3hqaEF4U0l5RWtCc1NMT2pjOU5GZUh3YlJvSFVlN0k0SkkyZWRmOTI0WVFSSDJfSDN4Uml6MjhYNy1leXUydw?oc=5"" target=""_blank"">Samsung targets 2029 Yongin fab opening</a>&nbsp;&nbsp;<font color=""#6f6f6f"">동아일보</font>",2026-07-24T19:37:46.739290
GoogleNews_FabCapacity,YMTC's third Wuhan fab clears Beijing's 50% local tooling threshold as two more are planned — move positions company toward 3D NAND production to capitalize on wafer bonding strengths - Tom's Hardware,https://news.google.com/rss/articles/CBMi7gFBVV95cUxQcF9QZDZuRVJKYi1KZGZfQnJWSEEzelJFelJjbDkzNEhmQnJodDhrNk16Skh2SHFuT0RGSWNLMzFibTVRX2NhdllaelpYcXdvX1l1eGtGU244aTd6VU02YzkwSERVYUQ3UGZBOXIxUlJQQUhFZGhDcm01Zk5jTXNLeGkyRjFnQy1sX3ltMTFZZkpiNUhrVHc2eWhDN0ROSi1PYS1fUzBvNHFFeGVucXRVSzN0cGFaejZjWlAwT0htTURYaklRa2I5Z2VYVXBOZ3JRT2k5MmxIcURmYmNGSVBycWhVY1JXd1ZLS3lDcWpR?oc=5,"Wed, 15 Apr 2026 07:00:00 GMT","<a href=""https://news.google.com/rss/articles/CBMi7gFBVV95cUxQcF9QZDZuRVJKYi1KZGZfQnJWSEEzelJFelJjbDkzNEhmQnJodDhrNk16Skh2SHFuT0RGSWNLMzFibTVRX2NhdllaelpYcXdvX1l1eGtGU244aTd6VU02YzkwSERVYUQ3UGZBOXIxUlJQQUhFZGhDcm01Zk5jTXNLeGkyRjFnQy1sX3ltMTFZZkpiNUhrVHc2eWhDN0ROSi1PYS1fUzBvNHFFeGVucXRVSzN0cGFaejZjWlAwT0htTURYaklRa2I5Z2VYVXBOZ3JRT2k5MmxIcURmYmNGSVBycWhVY1JXd1ZLS3lDcWpR?oc=5"" target=""_blank"">YMTC's third Wuhan fab clears Beijing's 50% local tooling threshold as two more are planned — move positions company toward 3D NAND production to capitalize on wafer bonding strengths</a>&nbsp;&nbsp;<font color=""#6f6f6f"">Tom's Hardware</font>",2026-07-24T19:37:46.739293
GoogleNews_FabCapacity,The great data center delay: Why your AI chips are stuck in 2026 - Manufacturing Dive,https://news.google.com/rss/articles/CBMilgFBVV95cUxOQVpWcE1vRTVLbzZ2TUJUeml6SUF0SGY5aG5wVWVZUlRWdGJwMHA1djBuMm1KejBpZmlUTXlkWGJlN2J1ZVBhQm1CZDlLTW5pZ2ZtSGRJcW12dTBjcks3NFhNUGpJZHE5cXI3VEpZVUIwLW5VVGlGM0pmSkd1b1hTN1hlQlZmYUxsTGZveUFZaUU0eUx1b1E?oc=5,"Mon, 20 Apr 2026 07:00:00 GMT","<a href=""https://news.google.com/rss/articles/CBMilgFBVV95cUxOQVpWcE1vRTVLbzZ2TUJUeml6SUF0SGY5aG5wVWVZUlRWdGJwMHA1djBuMm1KejBpZmlUTXlkWGJlN2J1ZVBhQm1CZDlLTW5pZ2ZtSGRJcW12dTBjcks3NFhNUGpJZHE5cXI3VEpZVUIwLW5VVGlGM0pmSkd1b1hTN1hlQlZmYUxsTGZveUFZaUU0eUx1b1E?oc=5"" target=""_blank"">The great data center delay: Why your AI chips are stuck in 2026</a>&nbsp;&nbsp;<font color=""#6f6f6f"">Manufacturing Dive</font>",2026-07-24T19:37:46.739295
GoogleNews_FabCapacity,"Trailing-edge foundry roadmaps for GlobalFoundries, UMC, and SMIC — mature node chipmakers each pursue differing strategies and IP - Tom's Hardware",https://news.google.com/rss/articles/CBMiogFBVV95cUxNQ2FQcTg5LVFZMzBoOHNUR2VzMW9UQ2NMOFRQTmVEVHpmc1NONDhuZ3lxUXNackdoc0lhNzdPVnVCbjExRVdUMEFaT1hXUFoxX2NuQ0pEUE03aElPV0Y1WWdQSm1sQ3lUYmpUX2Vxemotdzd3Z2N1djZHUEhSRHpfVmJhbVBpZnVyQzQtUDRWTjVhSXZtRDQwUVBlWC1OS3dHalE?oc=5,"Thu, 28 May 2026 07:00:00 GMT","<a href=""https://news.google.com/rss/articles/CBMiogFBVV95cUxNQ2FQcTg5LVFZMzBoOHNUR2VzMW9UQ2NMOFRQTmVEVHpmc1NONDhuZ3lxUXNackdoc0lhNzdPVnVCbjExRVdUMEFaT1hXUFoxX2NuQ0pEUE03aElPV0Y1WWdQSm1sQ3lUYmpUX2Vxemotdzd3Z2N1djZHUEhSRHpfVmJhbVBpZnVyQzQtUDRWTjVhSXZtRDQwUVBlWC1OS3dHalE?oc=5"" target=""_blank"">Trailing-edge foundry roadmaps for GlobalFoundries, UMC, and SMIC — mature node chipmakers each pursue differing strategies and IP</a>&nbsp;&nbsp;<font color=""#6f6f6f"">Tom's Hardware</font>",2026-07-24T19:37:46.739297
GoogleNews_FabCapacity,"South Korea says Samsung and SK Hynix investing in AI, semiconductor mega-projects - CNBC",https://news.google.com/rss/articles/CBMipgFBVV95cUxPdXdkNkdRbUEzTDFsMURTTzlNckV3WXcyRXM3SFJXT3hfVC02TmFuclQyaXhvRlNCdktSazdhNUFCelRSRm82b3lXN0FReTg1YlBucDZZaTZIcmdVaHBLeXpyd1RTVFZBczRRa2J6eTJ0X1BIaGFUOEV0QjY5c0taWUF2UWl5SGRicG00VWxUcmFuSGZTLUZETi14QUpsRjlJZDd0U3Vn0gGrAUFVX3lxTE1nMktwTXZJZk1ZZE5pOXR0bjc2Y3dHVEV0YnNtUGQyZGpxdWlUdzd0eTZOaVRfMHJFQ1V6anQ5elBJV01nZ2xOcFk4UWlCdWhFTnZKWVFNWHBuZ09FcEo2OHpNMlNRMzNQdEZaMkhvSkxnM0VUQmdzM3I3Y25UbGFkLVNKWTlBbm5RRXc1RHZGNWJocDg0VXF5bHJIdGV4RVJKOG1RT0lPaTFOQQ?oc=5,"Sun, 28 Jun 2026 07:00:00 GMT","<a href=""https://news.google.com/rss/articles/CBMipgFBVV95cUxPdXdkNkdRbUEzTDFsMURTTzlNckV3WXcyRXM3SFJXT3hfVC02TmFuclQyaXhvRlNCdktSazdhNUFCelRSRm82b3lXN0FReTg1YlBucDZZaTZIcmdVaHBLeXpyd1RTVFZBczRRa2J6eTJ0X1BIaGFUOEV0QjY5c0taWUF2UWl5SGRicG00VWxUcmFuSGZTLUZETi14QUpsRjlJZDd0U3Vn0gGrAUFVX3lxTE1nMktwTXZJZk1ZZE5pOXR0bjc2Y3dHVEV0YnNtUGQyZGpxdWlUdzd0eTZOaVRfMHJFQ1V6anQ5elBJV01nZ2xOcFk4UWlCdWhFTnZKWVFNWHBuZ09FcEo2OHpNMlNRMzNQdEZaMkhvSkxnM0VUQmdzM3I3Y25UbGFkLVNKWTlBbm5RRXc1RHZGNWJocDg0VXF5bHJIdGV4RVJKOG1RT0lPaTFOQQ?oc=5"" target=""_blank"">South Korea says Samsung and SK Hynix investing in AI, semiconductor mega-projects</a>&nbsp;&nbsp;<font color=""#6f6f6f"">CNBC</font>",2026-07-24T19:37:46.739300
GoogleNews_FabCapacity,‘Panic’ over capacity crunch in mature node chips drives orders to Chinese fabs - South China Morning Post,https://news.google.com/rss/articles/CBMiygFBVV95cUxQS0JCSHZlcHVHcXhPT3RnOE1EdVg4R1NOOUprWGxqRjNXNnIzcDRFU2dyLVpWbzNyRWlrX2dmb3lnYW5zeU5POVRybkZjQ2llUEFOQUlmZGk4VjdBdHRzUUxFa01xN3lWSmtyQVNjY3ZOSGs4dXJrcHpZdFd3QVNaMDlyMVJDVUtha0NXSVpmemh4UDh4WXpIakprSS16RlMzRFBNM29yVFJNMGNNZzhtWVQwV0RuNHBMNTkzbnVKRGYzaEdvdFd4UmFR0gHKAUFVX3lxTE5vZDVrSVN0ZThhajJNUHA0ckVjZkFxYUJ0cUJmb1lHMzJUZkR5ZjdKSlRaV0pMbmo1bjJreHBuSGJQRklXVGJHVFgtb0ptNjVLcFlXY1RTSE9LQ0RQZGJJanNyZVQ5ajVkTWxNbXV0MTZWckpCOFJwSlRkem80OFlVSTBNSGh2S3BxbFFaUkZLTjhBZFRvNnNwQlFpeU1BV2NiRGFlbGQ2eEFXc09pdlVaWEZmMDUtTlJtTFZCMVZDSVBoZk5Oc0k2THc?oc=5,"Fri, 15 May 2026 07:00:00 GMT","<a href=""https://news.google.com/rss/articles/CBMiygFBVV95cUxQS0JCSHZlcHVHcXhPT3RnOE1EdVg4R1NOOUprWGxqRjNXNnIzcDRFU2dyLVpWbzNyRWlrX2dmb3lnYW5zeU5POVRybkZjQ2llUEFOQUlmZGk4VjdBdHRzUUxFa01xN3lWSmtyQVNjY3ZOSGs4dXJrcHpZdFd3QVNaMDlyMVJDVUtha0NXSVpmemh4UDh4WXpIakprSS16RlMzRFBNM29yVFJNMGNNZzhtWVQwV0RuNHBMNTkzbnVKRGYzaEdvdFd4UmFR0gHKAUFVX3lxTE5vZDVrSVN0ZThhajJNUHA0ckVjZkFxYUJ0cUJmb1lHMzJUZkR5ZjdKSlRaV0pMbmo1bjJreHBuSGJQRklXVGJHVFgtb0ptNjVLcFlXY1RTSE9LQ0RQZGJJanNyZVQ5ajVkTWxNbXV0MTZWckpCOFJwSlRkem80OFlVSTBNSGh2S3BxbFFaUkZLTjhBZFRvNnNwQlFpeU1BV2NiRGFlbGQ2eEFXc09pdlVaWEZmMDUtTlJtTFZCMVZDSVBoZk5Oc0k2THc?oc=5"" target=""_blank"">‘Panic’ over capacity crunch in mature node chips drives orders to Chinese fabs</a>&nbsp;&nbsp;<font color=""#6f6f6f"">South China Morning Post</font>",2026-07-24T19:37:46.739302
GoogleNews_FabCapacity,Supply Chain Vulnerabilities in Europe's Semiconductor Industry Amid the Iran Conflict - Bloomsbury Intelligence and Security Institute (BISI),https://news.google.com/rss/articles/CBMiswFBVV95cUxNMWJIQmVUWUJTN01aQ3pKTE8xVDhyZ0FVbk9jbUJBdzl1UldGM0lSZmpwRnE5RV9jWkM4a0hFb0FwWXJ0c0RwZmZHMFBKejZwOGRNQ2lMaDcxSE12S2Nod01sbUdZbE8yZ09wZ1dVZnd6cE14UWs0YlpzeEx1RUs1UnhwYlB5c19Yc05rbkRTei14bG9IWDM2eDFJRE92anJ3UUlmUmdLdzlWTU4xdy1zT1hlZw?oc=5,"Mon, 20 Apr 2026 07:00:00 GMT","<a href=""https://news.google.com/rss/articles/CBMiswFBVV95cUxNMWJIQmVUWUJTN01aQ3pKTE8xVDhyZ0FVbk9jbUJBdzl1UldGM0lSZmpwRnE5RV9jWkM4a0hFb0FwWXJ0c0RwZmZHMFBKejZwOGRNQ2lMaDcxSE12S2Nod01sbUdZbE8yZ09wZ1dVZnd6cE14UWs0YlpzeEx1RUs1UnhwYlB5c19Yc05rbkRTei14bG9IWDM2eDFJRE92anJ3UUlmUmdLdzlWTU4xdy1zT1hlZw?oc=5"" target=""_blank"">Supply Chain Vulnerabilities in Europe's Semiconductor Industry Amid the Iran Conflict</a>&nbsp;&nbsp;<font color=""#6f6f6f"">Bloomsbury Intelligence and Security Institute (BISI)</font>",2026-07-24T19:37:46.739304
GoogleNews_FabCapacity,TSMC’s Arizona Fabs Are So Overbooked That Customers Are Already Reserving Capacity That Hasn’t Even Been Built Yet - Wccftech,https://news.google.com/rss/articles/CBMizwFBVV95cUxQRnNBQUJpUVFCN19FeDJvSmlTOXRJajBKZlI5a29ydmZPeUZ1VTQ4LUd6a09SYzN3RDNNM05RbkVYajZ5OG13VnVLNHlSa21xSDM3a3hrUk1ZS0JUTDBOYVM2c2pFdGJVWU13YXh6ZGhvcHJWOFRZeUloMERFR2lUT1R6ZHV3eEpDWHhGS0hEWkpZOUx3akNucjh2dWFzeTJhVG1tX1JCNE9nWHRfRFRJOXpzTENUNWhjRlZidm1vLTN4dDhINGtNSEJyWEZobFHSAdQBQVVfeXFMTXIyVFhTVnpodmtuSXFsbWI4MDRvWGRUXzYwcDd1clkyR0xVQkg2aC1xYnpVNEZnREo3MEphNmVzLVhPRHJCN1FKOVpMZ2FHNUw5TlZrVGlram02V3hWaHFLX1V4S0FTSnJUS3dMaFVHMVl4cXhuVGJRbmp6Ym52ekhScWZmUnN5eWU4UkRtSXY2S2J5SHhGakc1bVdIUEt6WXZaejdlRGJTbkwyRWZ6c3RQT3NMR2ZCS1B3Z1hPRUJOYThUNktLdEJWTWZtN0prTVlMVWg?oc=5,"Mon, 23 Mar 2026 07:00:00 GMT","<a href=""https://news.google.com/rss/articles/CBMizwFBVV95cUxQRnNBQUJpUVFCN19FeDJvSmlTOXRJajBKZlI5a29ydmZPeUZ1VTQ4LUd6a09SYzN3RDNNM05RbkVYajZ5OG13VnVLNHlSa21xSDM3a3hrUk1ZS0JUTDBOYVM2c2pFdGJVWU13YXh6ZGhvcHJWOFRZeUloMERFR2lUT1R6ZHV3eEpDWHhGS0hEWkpZOUx3akNucjh2dWFzeTJhVG1tX1JCNE9nWHRfRFRJOXpzTENUNWhjRlZidm1vLTN4dDhINGtNSEJyWEZobFHSAdQBQVVfeXFMTXIyVFhTVnpodmtuSXFsbWI4MDRvWGRUXzYwcDd1clkyR0xVQkg2aC1xYnpVNEZnREo3MEphNmVzLVhPRHJCN1FKOVpMZ2FHNUw5TlZrVGlram02V3hWaHFLX1V4S0FTSnJUS3dMaFVHMVl4cXhuVGJRbmp6Ym52ekhScWZmUnN5eWU4UkRtSXY2S2J5SHhGakc1bVdIUEt6WXZaejdlRGJTbkwyRWZ6c3RQT3NMR2ZCS1B3Z1hPRUJOYThUNktLdEJWTWZtN0prTVlMVWg?oc=5"" target=""_blank"">TSMC’s Arizona Fabs Are So Overbooked That Customers Are Already Reserving Capacity That Hasn’t Even Been Built Yet</a>&nbsp;&nbsp;<font color=""#6f6f6f"">Wccftech</font>",2026-07-24T19:37:46.739306
GoogleNews_FabCapacity,Polar Semiconductor: From captive fab to national asset - Electronics360,https://news.google.com/rss/articles/CBMiqgFBVV95cUxQeUJlWHVGVk5keWJIZnBDYzZzOGFlVGdEUHQtRng4LUREdmk3Zi1sNlYtSUx4UkpCc2U1Y2Z1UUtYb0lXNVFBLTRlM1BvQWc5OXQxZVBTOEtJaHpGaWw4TnRTVVlTNHBRdWpJVG1KQjNNSXozcDZsQVdiRVY1SmVCalVZR09qR0RDTTkzNV9iMlhFc2ZNdmdLSVBzenkySGdTNllEWkVtR3VMdw?oc=5,"Mon, 03 Nov 2025 08:00:00 GMT","<a href=""https://news.google.com/rss/articles/CBMiqgFBVV95cUxQeUJlWHVGVk5keWJIZnBDYzZzOGFlVGdEUHQtRng4LUREdmk3Zi1sNlYtSUx4UkpCc2U1Y2Z1UUtYb0lXNVFBLTRlM1BvQWc5OXQxZVBTOEtJaHpGaWw4TnRTVVlTNHBRdWpJVG1KQjNNSXozcDZsQVdiRVY1SmVCalVZR09qR0RDTTkzNV9iMlhFc2ZNdmdLSVBzenkySGdTNllEWkVtR3VMdw?oc=5"" target=""_blank"">Polar Semiconductor: From captive fab to national asset</a>&nbsp;&nbsp;<font color=""#6f6f6f"">Electronics360</font>",2026-07-24T19:37:46.739309
GoogleNews_FabCapacity,EU injects €623m to boost semiconductor manufacturing in Germany - Innovation News Network,https://news.google.com/rss/articles/CBMiqAFBVV95cUxOZkVPSkIyd1UzMTdndjM2bnJBOG4yZjBDa2NvZjhLSDJEMUVURGQ3V1M3YmdaclpUS3dnVHFZY0dIMm83UFhOV3Q4RmtjQUdlSVZxRnFzQmJrTGRaUjhPNzBQb1p6bGhqdVdoX2tIeERiZG05N0NuTDNjN3d5ZnhPT0RsajJTSXY3MGpmTTNLOXh3S0tMSHJ1QklocklpNko0Q3g0QWdvVjY?oc=5,"Fri, 12 Dec 2025 08:00:00 GMT","<a href=""https://news.google.com/rss/articles/CBMiqAFBVV95cUxOZkVPSkIyd1UzMTdndjM2bnJBOG4yZjBDa2NvZjhLSDJEMUVURGQ3V1M3YmdaclpUS3dnVHFZY0dIMm83UFhOV3Q4RmtjQUdlSVZxRnFzQmJrTGRaUjhPNzBQb1p6bGhqdVdoX2tIeERiZG05N0NuTDNjN3d5ZnhPT0RsajJTSXY3MGpmTTNLOXh3S0tMSHJ1QklocklpNko0Q3g0QWdvVjY?oc=5"" target=""_blank"">EU injects €623m to boost semiconductor manufacturing in Germany</a>&nbsp;&nbsp;<font color=""#6f6f6f"">Innovation News Network</font>",2026-07-24T19:37:46.739311
GoogleNews_FabCapacity,Top 10: Semiconductor Manufacturers - Manufacturing Digital,https://news.google.com/rss/articles/CBMifkFVX3lxTE5kSkVwWkRnTmJ4RGtrRTdhcFVKLS1hd0ZMZHdlcy1RUzhjMHNHQUY1ZncwSFRGbnVFNlV4NW1ITHIwWF92cVFmXzhxQ3dQRjIzMTdjOTQ1NUtNR2szbU0yWVdTR2tmV04zTnZVTVM1N0tHUHdNU3RNUnpzWEVBQQ?oc=5,"Wed, 21 Jan 2026 08:00:00 GMT","<a href=""https://news.google.com/rss/articles/CBMifkFVX3lxTE5kSkVwWkRnTmJ4RGtrRTdhcFVKLS1hd0ZMZHdlcy1RUzhjMHNHQUY1ZncwSFRGbnVFNlV4NW1ITHIwWF92cVFmXzhxQ3dQRjIzMTdjOTQ1NUtNR2szbU0yWVdTR2tmV04zTnZVTVM1N0tHUHdNU3RNUnpzWEVBQQ?oc=5"" target=""_blank"">Top 10: Semiconductor Manufacturers</a>&nbsp;&nbsp;<font color=""#6f6f6f"">Manufacturing Digital</font>",2026-07-24T19:37:46.739313
GoogleNews_FabCapacity,Micron buys Taiwan fab for $1.8bn to boost cleanroom DRAM capacity - Cleanroom Technology,https://news.google.com/rss/articles/CBMifkFVX3lxTE8wVTh4UVRNc25HdE5Hc3hUQWlVaU5yXzNrR2tHNXVXUm82di0zR1MzeVRlRmMxZWJ3NWNoZVRIMzVsS0ozX1U5UWxiTW5aX1RCRDFzTnlQczE4dHItaFlNelBSYW5taXRDNFF5ZnVBWkJmZjZfSWljbEZGSmxwQQ?oc=5,"Tue, 20 Jan 2026 08:00:00 GMT","<a href=""https://news.google.com/rss/articles/CBMifkFVX3lxTE8wVTh4UVRNc25HdE5Hc3hUQWlVaU5yXzNrR2tHNXVXUm82di0zR1MzeVRlRmMxZWJ3NWNoZVRIMzVsS0ozX1U5UWxiTW5aX1RCRDFzTnlQczE4dHItaFlNelBSYW5taXRDNFF5ZnVBWkJmZjZfSWljbEZGSmxwQQ?oc=5"" target=""_blank"">Micron buys Taiwan fab for $1.8bn to boost cleanroom DRAM capacity</a>&nbsp;&nbsp;<font color=""#6f6f6f"">Cleanroom Technology</font>",2026-07-24T19:37:46.739315
GoogleNews_FabCapacity,"Elon Musk's Terafab semiconductor project could cost $5 trillion, Bernstein claims — herculean effort would cost more than 70% of the total yearly US government budget - Tom's Hardware",https://news.google.com/rss/articles/CBMizwJBVV95cUxQRHpPWlMzd1VwbE5yT3RMNlBNbDh4WVh3RW9RZVdiUmVVaVljY0g3Y0J2YkVqWXBTdFRlcGZRUzM2aEdZZUExTU05VXZKRjdURTVpQjlnTUhjY2tuNUxKWWN5aHhhX1d4eE1VN3NaRnJseVNtcEZoV1V5LTM1elBlMDNQNXdFNDZ5YWFtX2E3cEl2SlpHUDZxT0N3YVllZFZRUW5hU2RnTS02UnkyNXN4Q195bWlPZndwQzlKNVpqRktoVXg4aC1IM1F1d1RIUHRyOHZqeWhMWng5UjU1SW1rVlRZSk1td183c2c3XzdMaTBBdjFEWVdzM0E1ZnZkZUIxc0hPamJtOEpYQjZXME0zX0JVNDZodllYbzZvWEY4dmFPQWNCak1ia1E3R1FkTVlFb3lBbl9aSk5NVEpvRXkxRzRMQ0lpLW1hQ0RpRDM1dw?oc=5,"Thu, 26 Mar 2026 07:00:00 GMT","<a href=""https://news.google.com/rss/articles/CBMizwJBVV95cUxQRHpPWlMzd1VwbE5yT3RMNlBNbDh4WVh3RW9RZVdiUmVVaVljY0g3Y0J2YkVqWXBTdFRlcGZRUzM2aEdZZUExTU05VXZKRjdURTVpQjlnTUhjY2tuNUxKWWN5aHhhX1d4eE1VN3NaRnJseVNtcEZoV1V5LTM1elBlMDNQNXdFNDZ5YWFtX2E3cEl2SlpHUDZxT0N3YVllZFZRUW5hU2RnTS02UnkyNXN4Q195bWlPZndwQzlKNVpqRktoVXg4aC1IM1F1d1RIUHRyOHZqeWhMWng5UjU1SW1rVlRZSk1td183c2c3XzdMaTBBdjFEWVdzM0E1ZnZkZUIxc0hPamJtOEpYQjZXME0zX0JVNDZodllYbzZvWEY4dmFPQWNCak1ia1E3R1FkTVlFb3lBbl9aSk5NVEpvRXkxRzRMQ0lpLW1hQ0RpRDM1dw?oc=5"" target=""_blank"">Elon Musk's Terafab semiconductor project could cost $5 trillion, Bernstein claims — herculean effort would cost more than 70% of the total yearly US government budget</a>&nbsp;&nbsp;<font color=""#6f6f6f"">Tom's Hardware</font>",2026-07-24T19:37:46.739318
GoogleNews_FabCapacity,Vanguard evaluating plan for second Singapore fab - Taipei Times,https://news.google.com/rss/articles/CBMidkFVX3lxTE1EX3R0Mk5Oa0VrYnJpa0ZUU1B1V2NOOWpTczJGbm9fZTdKcldzNWtOSWZHR21hd2FQakZTVE5odW5weEhTLTJ1c1NjaG83QWZqV2NyT2NBR2tfaGpTT2JpTFN3U2dvdmI5NG52ZXVvZFAxYkJ2c1E?oc=5,"Sat, 09 May 2026 07:00:00 GMT","<a href=""https://news.google.com/rss/articles/CBMidkFVX3lxTE1EX3R0Mk5Oa0VrYnJpa0ZUU1B1V2NOOWpTczJGbm9fZTdKcldzNWtOSWZHR21hd2FQakZTVE5odW5weEhTLTJ1c1NjaG83QWZqV2NyT2NBR2tfaGpTT2JpTFN3U2dvdmI5NG52ZXVvZFAxYkJ2c1E?oc=5"" target=""_blank"">Vanguard evaluating plan for second Singapore fab</a>&nbsp;&nbsp;<font color=""#6f6f6f"">Taipei Times</font>",2026-07-24T19:37:46.739320
GoogleNews_FabCapacity,"Musk's $25B Terafab Could Disrupt Intel, TSMC [2026] - tech-insider.org",https://news.google.com/rss/articles/CBMieEFVX3lxTE5ZbGt2dzU3M3Naamdpem9oMXctVEdvbHc3VElUNFNoUjRITTZqZXVHd3E5Ykpsek9MRkNVbE9lM0xLYU9xVkJXM1lSQy1jOS1xaU5YRU1vZTNqVzRET1p5a0s2M2RFYS1FaGpRNTloeUVoTThxQUxidQ?oc=5,"Tue, 24 Mar 2026 07:00:00 GMT","<a href=""https://news.google.com/rss/articles/CBMieEFVX3lxTE5ZbGt2dzU3M3Naamdpem9oMXctVEdvbHc3VElUNFNoUjRITTZqZXVHd3E5Ykpsek9MRkNVbE9lM0xLYU9xVkJXM1lSQy1jOS1xaU5YRU1vZTNqVzRET1p5a0s2M2RFYS1FaGpRNTloeUVoTThxQUxidQ?oc=5"" target=""_blank"">Musk's $25B Terafab Could Disrupt Intel, TSMC [2026]</a>&nbsp;&nbsp;<font color=""#6f6f6f"">tech-insider.org</font>",2026-07-24T19:37:46.739322
GoogleNews_FabCapacity,AI Demand Is Surging — But Taiwan Semiconductor Is Controlling the Supply - 24/7 Wall St.,https://news.google.com/rss/articles/CBMiugFBVV95cUxQbXl1ak5ZbC1GM1dLb2t0STVEVklSUEVpMTRpZC16b1FtaDZlSHF2TGk0VTFqQ0xucC1QcmE5Z0lXc3g2LVpOMFJLdjVQLTMwMFk0NVBtMzZiRVBURWkzcmczeGdYQ2NGSjZfQTRKV3JQR2RXVlZEcXo3OUdSYjFEM2xMYXN4VTM5OHdSWEhhdFZ3QlVaYnBoOUZHeEZPOGZud3pPUGtYV0JUU2xZaExGbmx4cUcxYmtVOVE?oc=5,"Wed, 29 Apr 2026 07:00:00 GMT","<a href=""https://news.google.com/rss/articles/CBMiugFBVV95cUxQbXl1ak5ZbC1GM1dLb2t0STVEVklSUEVpMTRpZC16b1FtaDZlSHF2TGk0VTFqQ0xucC1QcmE5Z0lXc3g2LVpOMFJLdjVQLTMwMFk0NVBtMzZiRVBURWkzcmczeGdYQ2NGSjZfQTRKV3JQR2RXVlZEcXo3OUdSYjFEM2xMYXN4VTM5OHdSWEhhdFZ3QlVaYnBoOUZHeEZPOGZud3pPUGtYV0JUU2xZaExGbmx4cUcxYmtVOVE?oc=5"" target=""_blank"">AI Demand Is Surging — But Taiwan Semiconductor Is Controlling the Supply</a>&nbsp;&nbsp;<font color=""#6f6f6f"">24/7 Wall St.</font>",2026-07-24T19:37:46.739324
GoogleNews_FabCapacity,AI Infrastructure Push Drives Chip Tool Spending Toward $156bn as New U.S. Fab Projects Target Supply Chain Resilience - Astute Group,https://news.google.com/rss/articles/CBMi7wFBVV95cUxNWGt6Y01hWVMtOGNiOFQwSTNMTEt0QVdxNFF2TC1SSS1xSzhwa3VVcjNmSmZ2VnM4ZHBGLXRMMGdHcTZqbjI2M01TZ0ZRZnpXUC1jZG50RzVKV0lBeklDc1htbEdfbGVWS1FIcUJTal9Xa3B1WWs3OW5wZElfekVQbXpHd3h2ejgzTU1BZHIxcWVCemZERFBLQW1HXzRoMFJrY3g0ZVB3ejF2RzhMT2dvSDVPNDBoV2FmdGdmbFA2b2lJOTlZWjFTZVdhVzFNYUd6a2NZUndnYWx3WFl5RlNteG5DVmVVZnJwS1FvQkhMZw?oc=5,"Thu, 12 Mar 2026 07:00:00 GMT","<a href=""https://news.google.com/rss/articles/CBMi7wFBVV95cUxNWGt6Y01hWVMtOGNiOFQwSTNMTEt0QVdxNFF2TC1SSS1xSzhwa3VVcjNmSmZ2VnM4ZHBGLXRMMGdHcTZqbjI2M01TZ0ZRZnpXUC1jZG50RzVKV0lBeklDc1htbEdfbGVWS1FIcUJTal9Xa3B1WWs3OW5wZElfekVQbXpHd3h2ejgzTU1BZHIxcWVCemZERFBLQW1HXzRoMFJrY3g0ZVB3ejF2RzhMT2dvSDVPNDBoV2FmdGdmbFA2b2lJOTlZWjFTZVdhVzFNYUd6a2NZUndnYWx3WFl5RlNteG5DVmVVZnJwS1FvQkhMZw?oc=5"" target=""_blank"">AI Infrastructure Push Drives Chip Tool Spending Toward $156bn as New U.S. Fab Projects Target Supply Chain Resilience</a>&nbsp;&nbsp;<font color=""#6f6f6f"">Astute Group</font>",2026-07-24T19:37:46.739327
GoogleNews_FabCapacity,TSMC approves US$31.38 billion capital budget for expansion - Taipei Times,https://news.google.com/rss/articles/CBMidkFVX3lxTE1RcHlFQTFUdlpRMl8ydkh6RjJUOVJTQkdWY2l3ZXcyOUxSUVd1c3BrS3hLUW1JbzVCSWUyN2wzSlpkckZnOVZjSWlYajFvOWZZdm9LV0RiaXVjOWp6c3NQZUsyNkhMWU1QZkJ2dWlUeVNDTW5FNUE?oc=5,"Wed, 13 May 2026 07:00:00 GMT","<a href=""https://news.google.com/rss/articles/CBMidkFVX3lxTE1RcHlFQTFUdlpRMl8ydkh6RjJUOVJTQkdWY2l3ZXcyOUxSUVd1c3BrS3hLUW1JbzVCSWUyN2wzSlpkckZnOVZjSWlYajFvOWZZdm9LV0RiaXVjOWp6c3NQZUsyNkhMWU1QZkJ2dWlUeVNDTW5FNUE?oc=5"" target=""_blank"">TSMC approves US$31.38 billion capital budget for expansion</a>&nbsp;&nbsp;<font color=""#6f6f6f"">Taipei Times</font>",2026-07-24T19:37:46.739329
GoogleNews_FabCapacity,Taiwan says 40% shift of chip capacity to US is 'impossible' - Reuters,https://news.google.com/rss/articles/CBMioAFBVV95cUxQSThDZk9SQ1paNXA5MzlSMGgtb0Q2M1BnaFF6SjZySnhtVF9qTFA2Q1hoUFBvZDN3dXFUSTdDb2JERGFJeW9Vd3AtU3U4TjY5Zk56blRza2hrY01Wa3QzZ1VGMV9UMFZHcW1zQlo0WmYzREx4UGtWYVIzYWNMOGxvVnJvb1VTbzhycXlQVi1JNllvVU0tbnRNVUNyRzYySW9W?oc=5,"Sun, 08 Feb 2026 08:00:00 GMT","<a href=""https://news.google.com/rss/articles/CBMioAFBVV95cUxQSThDZk9SQ1paNXA5MzlSMGgtb0Q2M1BnaFF6SjZySnhtVF9qTFA2Q1hoUFBvZDN3dXFUSTdDb2JERGFJeW9Vd3AtU3U4TjY5Zk56blRza2hrY01Wa3QzZ1VGMV9UMFZHcW1zQlo0WmYzREx4UGtWYVIzYWNMOGxvVnJvb1VTbzhycXlQVi1JNllvVU0tbnRNVUNyRzYySW9W?oc=5"" target=""_blank"">Taiwan says 40% shift of chip capacity to US is 'impossible'</a>&nbsp;&nbsp;<font color=""#6f6f6f"">Reuters</font>",2026-07-24T19:37:46.739331
GoogleNews_FabCapacity,What Is A Foundry? The Hidden Hero Of Semiconductor Manufacturing - Rapidus株式会社,https://news.google.com/rss/articles/CBMiUEFVX3lxTE9wV1JtdFh4bTRPbFBXa1ZlT1FKTjhDVkRPaWVQN0FTTjlRVnFNaTJZN0s0akZsM3dnbkYyd2RHS1U3dVVPLTQ2X09UanpNaE5a?oc=5,"Fri, 24 Oct 2025 07:00:00 GMT","<a href=""https://news.google.com/rss/articles/CBMiUEFVX3lxTE9wV1JtdFh4bTRPbFBXa1ZlT1FKTjhDVkRPaWVQN0FTTjlRVnFNaTJZN0s0akZsM3dnbkYyd2RHS1U3dVVPLTQ2X09UanpNaE5a?oc=5"" target=""_blank"">What Is A Foundry? The Hidden Hero Of Semiconductor Manufacturing</a>&nbsp;&nbsp;<font color=""#6f6f6f"">Rapidus株式会社</font>",2026-07-24T19:37:46.739333
